{
  "experiment_id": "BASIC_ep7_temperature_scaled_temp1.5",
  "timestamp": "2025-11-11T00:06:42.060336",
  "finetune_type": "BASIC",
  "num_epochs": 7,
  "defense_type": "temperature_scaled",
  "defense_params": {
    "temp": 1.5
  },
  "train_accuracy": 0.9891,
  "val_accuracy": 0.8858,
  "privacy": {
    "conf_threshold": {
      "accuracy": 0.5,
      "tpr": 0.0,
      "fpr": 0.0,
      "advantage": 0.0,
      "precision": 0.0,
      "recall": 0.0,
      "f1": 0.0
    },
    "logits_threshold": {
      "accuracy": 0.5,
      "tpr": 0.0,
      "fpr": 0.0,
      "advantage": 0.0,
      "precision": 0.0,
      "recall": 0.0,
      "f1": 0.0
    },
    "modified_entropy": {
      "accuracy": 0.623046875,
      "tpr": 0.6132812499998802,
      "fpr": 0.3671874999999283,
      "advantage": 0.24609374999995193,
      "precision": 0.6254980079680029,
      "recall": 0.6132812499998802,
      "f1": 0.6193293885600356
    }
  },
  "robustness": {
    "benign_accuracy": 0.9625,
    "adversarial_accuracy": 0.6025,
    "robustness_drop": 0.36
  },
  "elapsed_time": 6.616475343704224,
  "status": "success"
}