{
  "experiment_id": "BASIC_ep10_response_limited_topk_top_k4",
  "timestamp": "2025-11-11T00:12:49.973168",
  "finetune_type": "BASIC",
  "num_epochs": 10,
  "defense_type": "response_limited_topk",
  "defense_params": {
    "top_k": 4
  },
  "train_accuracy": 0.99515,
  "val_accuracy": 0.8924,
  "privacy": {
    "conf_threshold": {
      "accuracy": 0.5,
      "tpr": 0.0,
      "fpr": 0.0,
      "advantage": 0.0,
      "precision": 0.0,
      "recall": 0.0,
      "f1": 0.0
    },
    "logits_threshold": {
      "accuracy": 0.5,
      "tpr": 0.0,
      "fpr": 0.0,
      "advantage": 0.0,
      "precision": 0.0,
      "recall": 0.0,
      "f1": 0.0
    },
    "modified_entropy": {
      "accuracy": 0.5263671875,
      "tpr": 0.9999999999998046,
      "fpr": 0.9472656249998149,
      "advantage": 0.052734374999989675,
      "precision": 0.5135406218655453,
      "recall": 0.9999999999998046,
      "f1": 0.6785950960900359
    }
  },
  "robustness": {
    "benign_accuracy": 0.955,
    "adversarial_accuracy": 0.6625,
    "robustness_drop": 0.2925
  },
  "elapsed_time": 9.086742877960205,
  "status": "success"
}