{
  "experiment_id": "BASIC_ep3_test_time_augmentation_num_augmentations7",
  "timestamp": "2025-11-11T00:00:35.874174",
  "finetune_type": "BASIC",
  "num_epochs": 3,
  "defense_type": "test_time_augmentation",
  "defense_params": {
    "num_augmentations": 7
  },
  "train_accuracy": 0.96915,
  "val_accuracy": 0.8768,
  "privacy": {
    "conf_threshold": {
      "accuracy": 0.5,
      "tpr": 0.0,
      "fpr": 0.0,
      "advantage": 0.0,
      "precision": 0.0,
      "recall": 0.0,
      "f1": 0.0
    },
    "logits_threshold": {
      "accuracy": 0.5,
      "tpr": 0.0,
      "fpr": 0.0,
      "advantage": 0.0,
      "precision": 0.0,
      "recall": 0.0,
      "f1": 0.0
    },
    "modified_entropy": {
      "accuracy": 0.5810546875,
      "tpr": 0.9941406249998057,
      "fpr": 0.8320312499998375,
      "advantage": 0.16210937499996825,
      "precision": 0.5443850267379097,
      "recall": 0.9941406249998057,
      "f1": 0.7035245335175254
    }
  },
  "robustness": {
    "benign_accuracy": 0.94,
    "adversarial_accuracy": 0.735,
    "robustness_drop": 0.20499999999999996
  },
  "elapsed_time": 4.995559215545654,
  "status": "success"
}