{
  "experiment_id": "BASIC_ep7_input_perturbation_sigma0.01",
  "timestamp": "2025-11-11T00:05:16.490569",
  "finetune_type": "BASIC",
  "num_epochs": 7,
  "defense_type": "input_perturbation",
  "defense_params": {
    "sigma": 0.01
  },
  "train_accuracy": 0.99115,
  "val_accuracy": 0.8902,
  "privacy": {
    "conf_threshold": {
      "accuracy": 0.5,
      "tpr": 0.0,
      "fpr": 0.0,
      "advantage": 0.0,
      "precision": 0.0,
      "recall": 0.0,
      "f1": 0.0
    },
    "logits_threshold": {
      "accuracy": 0.5,
      "tpr": 0.0,
      "fpr": 0.0,
      "advantage": 0.0,
      "precision": 0.0,
      "recall": 0.0,
      "f1": 0.0
    },
    "modified_entropy": {
      "accuracy": 0.552734375,
      "tpr": 0.9999999999998046,
      "fpr": 0.8945312499998253,
      "advantage": 0.10546874999997935,
      "precision": 0.5278350515463374,
      "recall": 0.9999999999998046,
      "f1": 0.6909581646422819
    }
  },
  "robustness": {
    "benign_accuracy": 0.9625,
    "adversarial_accuracy": 0.615,
    "robustness_drop": 0.34750000000000003
  },
  "elapsed_time": 6.580453395843506,
  "status": "success"
}