{
  "experiment_id": "BASIC_ep1_temperature_scaled_temp2.0",
  "timestamp": "2025-11-10T23:59:17.352236",
  "finetune_type": "BASIC",
  "num_epochs": 1,
  "defense_type": "temperature_scaled",
  "defense_params": {
    "temp": 2.0
  },
  "train_accuracy": 0.95705,
  "val_accuracy": 0.8728,
  "privacy": {
    "conf_threshold": {
      "accuracy": 0.5,
      "tpr": 0.0,
      "fpr": 0.0,
      "advantage": 0.0,
      "precision": 0.0,
      "recall": 0.0,
      "f1": 0.0
    },
    "logits_threshold": {
      "accuracy": 0.5,
      "tpr": 0.0,
      "fpr": 0.0,
      "advantage": 0.0,
      "precision": 0.0,
      "recall": 0.0,
      "f1": 0.0
    },
    "modified_entropy": {
      "accuracy": 0.5048828125,
      "tpr": 0.015624999999996947,
      "fpr": 0.005859374999998855,
      "advantage": 0.009765624999998092,
      "precision": 0.7272727272661157,
      "recall": 0.015624999999996947,
      "f1": 0.03059273422560972
    }
  },
  "robustness": {
    "benign_accuracy": 0.945,
    "adversarial_accuracy": 0.385,
    "robustness_drop": 0.5599999999999999
  },
  "elapsed_time": 1.5793836116790771,
  "status": "success"
}