{
  "experiment_id": "BASIC_ep7_output_perturbation_scale0.05",
  "timestamp": "2025-11-11T00:04:43.493821",
  "finetune_type": "BASIC",
  "num_epochs": 7,
  "defense_type": "output_perturbation",
  "defense_params": {
    "scale": 0.05
  },
  "train_accuracy": 0.99095,
  "val_accuracy": 0.887,
  "privacy": {
    "conf_threshold": {
      "accuracy": 0.5,
      "tpr": 0.0,
      "fpr": 0.0,
      "advantage": 0.0,
      "precision": 0.0,
      "recall": 0.0,
      "f1": 0.0
    },
    "logits_threshold": {
      "accuracy": 0.5,
      "tpr": 0.0,
      "fpr": 0.0,
      "advantage": 0.0,
      "precision": 0.0,
      "recall": 0.0,
      "f1": 0.0
    },
    "modified_entropy": {
      "accuracy": 0.546875,
      "tpr": 0.9999999999998046,
      "fpr": 0.9062499999998229,
      "advantage": 0.09374999999998168,
      "precision": 0.5245901639343724,
      "recall": 0.9999999999998046,
      "f1": 0.6881720430106602
    }
  },
  "robustness": {
    "benign_accuracy": 0.955,
    "adversarial_accuracy": 0.6075,
    "robustness_drop": 0.3474999999999999
  },
  "elapsed_time": 6.60354471206665,
  "status": "success"
}