{
  "experiment_id": "BASIC_ep3_output_perturbation_scale0.2",
  "timestamp": "2025-11-10T23:59:53.896057",
  "finetune_type": "BASIC",
  "num_epochs": 3,
  "defense_type": "output_perturbation",
  "defense_params": {
    "scale": 0.2
  },
  "train_accuracy": 0.9776,
  "val_accuracy": 0.8852,
  "privacy": {
    "conf_threshold": {
      "accuracy": 0.5,
      "tpr": 0.0,
      "fpr": 0.0,
      "advantage": 0.0,
      "precision": 0.0,
      "recall": 0.0,
      "f1": 0.0
    },
    "logits_threshold": {
      "accuracy": 0.5,
      "tpr": 0.0,
      "fpr": 0.0,
      "advantage": 0.0,
      "precision": 0.0,
      "recall": 0.0,
      "f1": 0.0
    },
    "modified_entropy": {
      "accuracy": 0.564453125,
      "tpr": 0.9999999999998046,
      "fpr": 0.8710937499998298,
      "advantage": 0.1289062499999748,
      "precision": 0.5344467640918023,
      "recall": 0.9999999999998046,
      "f1": 0.6965986394556875
    }
  },
  "robustness": {
    "benign_accuracy": 0.9525,
    "adversarial_accuracy": 0.495,
    "robustness_drop": 0.4575
  },
  "elapsed_time": 3.2417235374450684,
  "status": "success"
}