{
  "experiment_id": "BASIC_ep3_adaptive_noise_alpha0.1",
  "timestamp": "2025-11-11T00:01:23.498273",
  "finetune_type": "BASIC",
  "num_epochs": 3,
  "defense_type": "adaptive_noise",
  "defense_params": {
    "alpha": 0.1
  },
  "train_accuracy": 0.9774,
  "val_accuracy": 0.8846,
  "privacy": {
    "conf_threshold": {
      "accuracy": 0.5,
      "tpr": 0.0,
      "fpr": 0.0,
      "advantage": 0.0,
      "precision": 0.0,
      "recall": 0.0,
      "f1": 0.0
    },
    "logits_threshold": {
      "accuracy": 0.5,
      "tpr": 0.0,
      "fpr": 0.0,
      "advantage": 0.0,
      "precision": 0.0,
      "recall": 0.0,
      "f1": 0.0
    },
    "modified_entropy": {
      "accuracy": 0.5546875,
      "tpr": 0.9999999999998046,
      "fpr": 0.890624999999826,
      "advantage": 0.10937499999997857,
      "precision": 0.528925619834656,
      "recall": 0.9999999999998046,
      "f1": 0.6918918918917983
    }
  },
  "robustness": {
    "benign_accuracy": 0.9625,
    "adversarial_accuracy": 0.505,
    "robustness_drop": 0.4575
  },
  "elapsed_time": 3.203721761703491,
  "status": "success"
}