{
  "experiment_id": "BASIC_ep3_none_",
  "timestamp": "2025-11-10T23:59:44.267512",
  "finetune_type": "BASIC",
  "num_epochs": 3,
  "defense_type": "none",
  "defense_params": {},
  "train_accuracy": 0.9772,
  "val_accuracy": 0.8834,
  "privacy": {
    "conf_threshold": {
      "accuracy": 0.5,
      "tpr": 0.0,
      "fpr": 0.0,
      "advantage": 0.0,
      "precision": 0.0,
      "recall": 0.0,
      "f1": 0.0
    },
    "logits_threshold": {
      "accuracy": 0.5,
      "tpr": 0.0,
      "fpr": 0.0,
      "advantage": 0.0,
      "precision": 0.0,
      "recall": 0.0,
      "f1": 0.0
    },
    "modified_entropy": {
      "accuracy": 0.55859375,
      "tpr": 0.9999999999998046,
      "fpr": 0.8828124999998275,
      "advantage": 0.11718749999997713,
      "precision": 0.5311203319501524,
      "recall": 0.9999999999998046,
      "f1": 0.6937669376692827
    }
  },
  "robustness": {
    "benign_accuracy": 0.9575,
    "adversarial_accuracy": 0.4925,
    "robustness_drop": 0.465
  },
  "elapsed_time": 3.1833932399749756,
  "status": "success"
}