{
  "experiment_id": "BASIC_ep5_temperature_scaled_temp2.0",
  "timestamp": "2025-11-11T00:03:21.048418",
  "finetune_type": "BASIC",
  "num_epochs": 5,
  "defense_type": "temperature_scaled",
  "defense_params": {
    "temp": 2.0
  },
  "train_accuracy": 0.9873,
  "val_accuracy": 0.891,
  "privacy": {
    "conf_threshold": {
      "accuracy": 0.5,
      "tpr": 0.0,
      "fpr": 0.0,
      "advantage": 0.0,
      "precision": 0.0,
      "recall": 0.0,
      "f1": 0.0
    },
    "logits_threshold": {
      "accuracy": 0.5,
      "tpr": 0.0,
      "fpr": 0.0,
      "advantage": 0.0,
      "precision": 0.0,
      "recall": 0.0,
      "f1": 0.0
    },
    "modified_entropy": {
      "accuracy": 0.5029296875,
      "tpr": 0.005859374999998855,
      "fpr": 0.0,
      "advantage": 0.005859374999998855,
      "precision": 0.9999999999666667,
      "recall": 0.005859374999998855,
      "f1": 0.01165048543688868
    }
  },
  "robustness": {
    "benign_accuracy": 0.955,
    "adversarial_accuracy": 0.555,
    "robustness_drop": 0.3999999999999999
  },
  "elapsed_time": 4.898598909378052,
  "status": "success"
}