{
  "experiment_id": "BASIC_ep10_temperature_scaled_temp1.0",
  "timestamp": "2025-11-11T00:11:27.293499",
  "finetune_type": "BASIC",
  "num_epochs": 10,
  "defense_type": "temperature_scaled",
  "defense_params": {
    "temp": 1.0
  },
  "train_accuracy": 0.99505,
  "val_accuracy": 0.8886,
  "privacy": {
    "conf_threshold": {
      "accuracy": 0.5,
      "tpr": 0.0,
      "fpr": 0.0,
      "advantage": 0.0,
      "precision": 0.0,
      "recall": 0.0,
      "f1": 0.0
    },
    "logits_threshold": {
      "accuracy": 0.5,
      "tpr": 0.0,
      "fpr": 0.0,
      "advantage": 0.0,
      "precision": 0.0,
      "recall": 0.0,
      "f1": 0.0
    },
    "modified_entropy": {
      "accuracy": 0.544921875,
      "tpr": 0.9999999999998046,
      "fpr": 0.9101562499998221,
      "advantage": 0.08984374999998246,
      "precision": 0.5235173824130344,
      "recall": 0.9999999999998046,
      "f1": 0.6872483221475587
    }
  },
  "robustness": {
    "benign_accuracy": 0.97,
    "adversarial_accuracy": 0.66,
    "robustness_drop": 0.30999999999999994
  },
  "elapsed_time": 9.20481276512146,
  "status": "success"
}