{
  "experiment_id": "BASIC_ep3_test_time_augmentation_num_augmentations5",
  "timestamp": "2025-11-11T00:00:30.874422",
  "finetune_type": "BASIC",
  "num_epochs": 3,
  "defense_type": "test_time_augmentation",
  "defense_params": {
    "num_augmentations": 5
  },
  "train_accuracy": 0.96605,
  "val_accuracy": 0.8736,
  "privacy": {
    "conf_threshold": {
      "accuracy": 0.5,
      "tpr": 0.0,
      "fpr": 0.0,
      "advantage": 0.0,
      "precision": 0.0,
      "recall": 0.0,
      "f1": 0.0
    },
    "logits_threshold": {
      "accuracy": 0.5,
      "tpr": 0.0,
      "fpr": 0.0,
      "advantage": 0.0,
      "precision": 0.0,
      "recall": 0.0,
      "f1": 0.0
    },
    "modified_entropy": {
      "accuracy": 0.568359375,
      "tpr": 0.9687499999998107,
      "fpr": 0.8320312499998375,
      "advantage": 0.13671874999997324,
      "precision": 0.5379609544467963,
      "recall": 0.9687499999998107,
      "f1": 0.6917712691770304
    }
  },
  "robustness": {
    "benign_accuracy": 0.945,
    "adversarial_accuracy": 0.845,
    "robustness_drop": 0.09999999999999998
  },
  "elapsed_time": 4.363973379135132,
  "status": "success"
}