{
  "experiment_id": "BASIC_ep3_response_limited_topk_top_k3",
  "timestamp": "2025-11-11T00:01:10.621628",
  "finetune_type": "BASIC",
  "num_epochs": 3,
  "defense_type": "response_limited_topk",
  "defense_params": {
    "top_k": 3
  },
  "train_accuracy": 0.97405,
  "val_accuracy": 0.8816,
  "privacy": {
    "conf_threshold": {
      "accuracy": 0.5,
      "tpr": 0.0,
      "fpr": 0.0,
      "advantage": 0.0,
      "precision": 0.0,
      "recall": 0.0,
      "f1": 0.0
    },
    "logits_threshold": {
      "accuracy": 0.5,
      "tpr": 0.0,
      "fpr": 0.0,
      "advantage": 0.0,
      "precision": 0.0,
      "recall": 0.0,
      "f1": 0.0
    },
    "modified_entropy": {
      "accuracy": 0.5205078125,
      "tpr": 0.9999999999998046,
      "fpr": 0.9589843749998126,
      "advantage": 0.041015624999992006,
      "precision": 0.5104685942172971,
      "recall": 0.9999999999998046,
      "f1": 0.6759075907589867
    }
  },
  "robustness": {
    "benign_accuracy": 0.9525,
    "adversarial_accuracy": 0.4875,
    "robustness_drop": 0.465
  },
  "elapsed_time": 3.199984073638916,
  "status": "success"
}