{
  "experiment_id": "BASIC_ep1_output_perturbation_scale0.05",
  "timestamp": "2025-11-10T23:58:42.265052",
  "finetune_type": "BASIC",
  "num_epochs": 1,
  "defense_type": "output_perturbation",
  "defense_params": {
    "scale": 0.05
  },
  "train_accuracy": 0.95835,
  "val_accuracy": 0.8728,
  "privacy": {
    "conf_threshold": {
      "accuracy": 0.5,
      "tpr": 0.0,
      "fpr": 0.0,
      "advantage": 0.0,
      "precision": 0.0,
      "recall": 0.0,
      "f1": 0.0
    },
    "logits_threshold": {
      "accuracy": 0.5,
      "tpr": 0.0,
      "fpr": 0.0,
      "advantage": 0.0,
      "precision": 0.0,
      "recall": 0.0,
      "f1": 0.0
    },
    "modified_entropy": {
      "accuracy": 0.5712890625,
      "tpr": 0.9980468749998049,
      "fpr": 0.8554687499998328,
      "advantage": 0.14257812499997213,
      "precision": 0.5384615384614817,
      "recall": 0.9980468749998049,
      "f1": 0.6995208761121561
    }
  },
  "robustness": {
    "benign_accuracy": 0.935,
    "adversarial_accuracy": 0.35,
    "robustness_drop": 0.5850000000000001
  },
  "elapsed_time": 2.0009584426879883,
  "status": "success"
}