{
  "experiment_id": "BASIC_ep10_adaptive_noise_alpha0.7",
  "timestamp": "2025-11-11T00:13:44.947837",
  "finetune_type": "BASIC",
  "num_epochs": 10,
  "defense_type": "adaptive_noise",
  "defense_params": {
    "alpha": 0.7
  },
  "train_accuracy": 0.99205,
  "val_accuracy": 0.89,
  "privacy": {
    "conf_threshold": {
      "accuracy": 0.5,
      "tpr": 0.0,
      "fpr": 0.0,
      "advantage": 0.0,
      "precision": 0.0,
      "recall": 0.0,
      "f1": 0.0
    },
    "logits_threshold": {
      "accuracy": 0.5,
      "tpr": 0.0,
      "fpr": 0.0,
      "advantage": 0.0,
      "precision": 0.0,
      "recall": 0.0,
      "f1": 0.0
    },
    "modified_entropy": {
      "accuracy": 0.541015625,
      "tpr": 0.9804687499998084,
      "fpr": 0.8984374999998245,
      "advantage": 0.0820312499999839,
      "precision": 0.5218295218294675,
      "recall": 0.9804687499998084,
      "f1": 0.681139755766529
    }
  },
  "robustness": {
    "benign_accuracy": 0.955,
    "adversarial_accuracy": 0.6275,
    "robustness_drop": 0.3275
  },
  "elapsed_time": 9.13831377029419,
  "status": "success"
}