{
  "experiment_id": "BASIC_ep7_none_",
  "timestamp": "2025-11-11T00:04:36.887464",
  "finetune_type": "BASIC",
  "num_epochs": 7,
  "defense_type": "none",
  "defense_params": {},
  "train_accuracy": 0.9907,
  "val_accuracy": 0.891,
  "privacy": {
    "conf_threshold": {
      "accuracy": 0.5,
      "tpr": 0.0,
      "fpr": 0.0,
      "advantage": 0.0,
      "precision": 0.0,
      "recall": 0.0,
      "f1": 0.0
    },
    "logits_threshold": {
      "accuracy": 0.5,
      "tpr": 0.0,
      "fpr": 0.0,
      "advantage": 0.0,
      "precision": 0.0,
      "recall": 0.0,
      "f1": 0.0
    },
    "modified_entropy": {
      "accuracy": 0.55078125,
      "tpr": 0.9999999999998046,
      "fpr": 0.8984374999998245,
      "advantage": 0.10156249999998013,
      "precision": 0.5267489711933614,
      "recall": 0.9999999999998046,
      "f1": 0.6900269541778046
    }
  },
  "robustness": {
    "benign_accuracy": 0.97,
    "adversarial_accuracy": 0.6075,
    "robustness_drop": 0.36249999999999993
  },
  "elapsed_time": 6.662106990814209,
  "status": "success"
}