{
  "experiment_id": "BASIC_ep5_output_perturbation_scale0.2",
  "timestamp": "2025-11-11T00:01:56.029410",
  "finetune_type": "BASIC",
  "num_epochs": 5,
  "defense_type": "output_perturbation",
  "defense_params": {
    "scale": 0.2
  },
  "train_accuracy": 0.98515,
  "val_accuracy": 0.884,
  "privacy": {
    "conf_threshold": {
      "accuracy": 0.5,
      "tpr": 0.0,
      "fpr": 0.0,
      "advantage": 0.0,
      "precision": 0.0,
      "recall": 0.0,
      "f1": 0.0
    },
    "logits_threshold": {
      "accuracy": 0.5,
      "tpr": 0.0,
      "fpr": 0.0,
      "advantage": 0.0,
      "precision": 0.0,
      "recall": 0.0,
      "f1": 0.0
    },
    "modified_entropy": {
      "accuracy": 0.5556640625,
      "tpr": 0.9999999999998046,
      "fpr": 0.8886718749998264,
      "advantage": 0.11132812499997824,
      "precision": 0.5294725956566153,
      "recall": 0.9999999999998046,
      "f1": 0.6923597025015966
    }
  },
  "robustness": {
    "benign_accuracy": 0.96,
    "adversarial_accuracy": 0.54,
    "robustness_drop": 0.41999999999999993
  },
  "elapsed_time": 4.979368209838867,
  "status": "success"
}