{
  "experiment_id": "BASIC_ep3_response_limited_topk_top_k5",
  "timestamp": "2025-11-11T00:01:17.087691",
  "finetune_type": "BASIC",
  "num_epochs": 3,
  "defense_type": "response_limited_topk",
  "defense_params": {
    "top_k": 5
  },
  "train_accuracy": 0.9767,
  "val_accuracy": 0.8828,
  "privacy": {
    "conf_threshold": {
      "accuracy": 0.5,
      "tpr": 0.0,
      "fpr": 0.0,
      "advantage": 0.0,
      "precision": 0.0,
      "recall": 0.0,
      "f1": 0.0
    },
    "logits_threshold": {
      "accuracy": 0.5,
      "tpr": 0.0,
      "fpr": 0.0,
      "advantage": 0.0,
      "precision": 0.0,
      "recall": 0.0,
      "f1": 0.0
    },
    "modified_entropy": {
      "accuracy": 0.53515625,
      "tpr": 0.9999999999998046,
      "fpr": 0.9296874999998184,
      "advantage": 0.07031249999998623,
      "precision": 0.5182186234817289,
      "recall": 0.9999999999998046,
      "f1": 0.6826666666665756
    }
  },
  "robustness": {
    "benign_accuracy": 0.9575,
    "adversarial_accuracy": 0.5075,
    "robustness_drop": 0.45000000000000007
  },
  "elapsed_time": 3.261925220489502,
  "status": "success"
}