{
  "experiment_id": "BASIC_ep7_output_perturbation_scale0.3",
  "timestamp": "2025-11-11T00:05:03.266408",
  "finetune_type": "BASIC",
  "num_epochs": 7,
  "defense_type": "output_perturbation",
  "defense_params": {
    "scale": 0.3
  },
  "train_accuracy": 0.9911,
  "val_accuracy": 0.8912,
  "privacy": {
    "conf_threshold": {
      "accuracy": 0.5,
      "tpr": 0.0,
      "fpr": 0.0,
      "advantage": 0.0,
      "precision": 0.0,
      "recall": 0.0,
      "f1": 0.0
    },
    "logits_threshold": {
      "accuracy": 0.5,
      "tpr": 0.0,
      "fpr": 0.0,
      "advantage": 0.0,
      "precision": 0.0,
      "recall": 0.0,
      "f1": 0.0
    },
    "modified_entropy": {
      "accuracy": 0.548828125,
      "tpr": 0.9960937499998054,
      "fpr": 0.8984374999998245,
      "advantage": 0.0976562499999809,
      "precision": 0.5257731958762344,
      "recall": 0.9960937499998054,
      "f1": 0.688259109311648
    }
  },
  "robustness": {
    "benign_accuracy": 0.9625,
    "adversarial_accuracy": 0.59,
    "robustness_drop": 0.37250000000000005
  },
  "elapsed_time": 6.555120229721069,
  "status": "success"
}