{
  "experiment_id": "BASIC_ep1_output_perturbation_scale0.2",
  "timestamp": "2025-11-10T23:58:45.277752",
  "finetune_type": "BASIC",
  "num_epochs": 1,
  "defense_type": "output_perturbation",
  "defense_params": {
    "scale": 0.2
  },
  "train_accuracy": 0.9583,
  "val_accuracy": 0.872,
  "privacy": {
    "conf_threshold": {
      "accuracy": 0.5,
      "tpr": 0.0,
      "fpr": 0.0,
      "advantage": 0.0,
      "precision": 0.0,
      "recall": 0.0,
      "f1": 0.0
    },
    "logits_threshold": {
      "accuracy": 0.5,
      "tpr": 0.0,
      "fpr": 0.0,
      "advantage": 0.0,
      "precision": 0.0,
      "recall": 0.0,
      "f1": 0.0
    },
    "modified_entropy": {
      "accuracy": 0.56640625,
      "tpr": 0.9921874999998062,
      "fpr": 0.8593749999998321,
      "advantage": 0.13281249999997402,
      "precision": 0.5358649789028971,
      "recall": 0.9921874999998062,
      "f1": 0.6958904109588088
    }
  },
  "robustness": {
    "benign_accuracy": 0.95,
    "adversarial_accuracy": 0.33,
    "robustness_drop": 0.6199999999999999
  },
  "elapsed_time": 1.507659912109375,
  "status": "success"
}