{
  "experiment_id": "BASIC_ep10_adaptive_noise_alpha0.3",
  "timestamp": "2025-11-11T00:13:26.727187",
  "finetune_type": "BASIC",
  "num_epochs": 10,
  "defense_type": "adaptive_noise",
  "defense_params": {
    "alpha": 0.3
  },
  "train_accuracy": 0.99465,
  "val_accuracy": 0.8914,
  "privacy": {
    "conf_threshold": {
      "accuracy": 0.5,
      "tpr": 0.0,
      "fpr": 0.0,
      "advantage": 0.0,
      "precision": 0.0,
      "recall": 0.0,
      "f1": 0.0
    },
    "logits_threshold": {
      "accuracy": 0.5,
      "tpr": 0.0,
      "fpr": 0.0,
      "advantage": 0.0,
      "precision": 0.0,
      "recall": 0.0,
      "f1": 0.0
    },
    "modified_entropy": {
      "accuracy": 0.548828125,
      "tpr": 0.9999999999998046,
      "fpr": 0.9023437499998237,
      "advantage": 0.0976562499999809,
      "precision": 0.5256673511293094,
      "recall": 0.9999999999998046,
      "f1": 0.689098250336381
    }
  },
  "robustness": {
    "benign_accuracy": 0.96,
    "adversarial_accuracy": 0.67,
    "robustness_drop": 0.2899999999999999
  },
  "elapsed_time": 9.164631843566895,
  "status": "success"
}