{
  "experiment_id": "BASIC_ep7_temperature_scaled_temp1.0",
  "timestamp": "2025-11-11T00:06:35.442245",
  "finetune_type": "BASIC",
  "num_epochs": 7,
  "defense_type": "temperature_scaled",
  "defense_params": {
    "temp": 1.0
  },
  "train_accuracy": 0.99105,
  "val_accuracy": 0.8882,
  "privacy": {
    "conf_threshold": {
      "accuracy": 0.5,
      "tpr": 0.0,
      "fpr": 0.0,
      "advantage": 0.0,
      "precision": 0.0,
      "recall": 0.0,
      "f1": 0.0
    },
    "logits_threshold": {
      "accuracy": 0.5,
      "tpr": 0.0,
      "fpr": 0.0,
      "advantage": 0.0,
      "precision": 0.0,
      "recall": 0.0,
      "f1": 0.0
    },
    "modified_entropy": {
      "accuracy": 0.548828125,
      "tpr": 0.9999999999998046,
      "fpr": 0.9023437499998237,
      "advantage": 0.0976562499999809,
      "precision": 0.5256673511293094,
      "recall": 0.9999999999998046,
      "f1": 0.689098250336381
    }
  },
  "robustness": {
    "benign_accuracy": 0.9575,
    "adversarial_accuracy": 0.615,
    "robustness_drop": 0.3425
  },
  "elapsed_time": 6.549090623855591,
  "status": "success"
}