{
  "experiment_id": "BASIC_ep1_response_limited_hard_hard_labelTrue",
  "timestamp": "2025-11-10T23:59:33.439074",
  "finetune_type": "BASIC",
  "num_epochs": 1,
  "defense_type": "response_limited_hard",
  "defense_params": {
    "hard_label": true
  },
  "train_accuracy": 0.9578,
  "val_accuracy": 0.8736,
  "privacy": {
    "conf_threshold": {
      "accuracy": 0.5,
      "tpr": 0.9999999999998046,
      "fpr": 0.9999999999998046,
      "advantage": 0.0,
      "precision": 0.49999999999995115,
      "recall": 0.9999999999998046,
      "f1": 0.6666666666665798
    },
    "logits_threshold": {
      "accuracy": 0.5,
      "tpr": 0.0,
      "fpr": 0.0,
      "advantage": 0.0,
      "precision": 0.0,
      "recall": 0.0,
      "f1": 0.0
    },
    "modified_entropy": {
      "accuracy": 0.5,
      "tpr": 0.9999999999998046,
      "fpr": 0.9999999999998046,
      "advantage": 0.0,
      "precision": 0.49999999999995115,
      "recall": 0.9999999999998046,
      "f1": 0.6666666666665798
    }
  },
  "robustness": {
    "benign_accuracy": 0.9325,
    "adversarial_accuracy": 0.385,
    "robustness_drop": 0.5475
  },
  "elapsed_time": 1.5610311031341553,
  "status": "success"
}