{
  "experiment_id": "BASIC_ep10_output_perturbation_scale0.1",
  "timestamp": "2025-11-11T00:08:48.672403",
  "finetune_type": "BASIC",
  "num_epochs": 10,
  "defense_type": "output_perturbation",
  "defense_params": {
    "scale": 0.1
  },
  "train_accuracy": 0.99415,
  "val_accuracy": 0.8932,
  "privacy": {
    "conf_threshold": {
      "accuracy": 0.5,
      "tpr": 0.0,
      "fpr": 0.0,
      "advantage": 0.0,
      "precision": 0.0,
      "recall": 0.0,
      "f1": 0.0
    },
    "logits_threshold": {
      "accuracy": 0.5,
      "tpr": 0.0,
      "fpr": 0.0,
      "advantage": 0.0,
      "precision": 0.0,
      "recall": 0.0,
      "f1": 0.0
    },
    "modified_entropy": {
      "accuracy": 0.5546875,
      "tpr": 0.9999999999998046,
      "fpr": 0.890624999999826,
      "advantage": 0.10937499999997857,
      "precision": 0.528925619834656,
      "recall": 0.9999999999998046,
      "f1": 0.6918918918917983
    }
  },
  "robustness": {
    "benign_accuracy": 0.955,
    "adversarial_accuracy": 0.675,
    "robustness_drop": 0.2799999999999999
  },
  "elapsed_time": 9.072612524032593,
  "status": "success"
}