{
  "experiment_id": "BASIC_ep10_response_limited_topk_top_k3",
  "timestamp": "2025-11-11T00:12:40.885227",
  "finetune_type": "BASIC",
  "num_epochs": 10,
  "defense_type": "response_limited_topk",
  "defense_params": {
    "top_k": 3
  },
  "train_accuracy": 0.9946,
  "val_accuracy": 0.8904,
  "privacy": {
    "conf_threshold": {
      "accuracy": 0.5,
      "tpr": 0.0,
      "fpr": 0.0,
      "advantage": 0.0,
      "precision": 0.0,
      "recall": 0.0,
      "f1": 0.0
    },
    "logits_threshold": {
      "accuracy": 0.5,
      "tpr": 0.0,
      "fpr": 0.0,
      "advantage": 0.0,
      "precision": 0.0,
      "recall": 0.0,
      "f1": 0.0
    },
    "modified_entropy": {
      "accuracy": 0.5087890625,
      "tpr": 0.9999999999998046,
      "fpr": 0.982421874999808,
      "advantage": 0.01757812499999656,
      "precision": 0.5044334975368961,
      "recall": 0.9999999999998046,
      "f1": 0.6705959397510581
    }
  },
  "robustness": {
    "benign_accuracy": 0.9625,
    "adversarial_accuracy": 0.6375,
    "robustness_drop": 0.32500000000000007
  },
  "elapsed_time": 9.156457424163818,
  "status": "success"
}