{
  "experiment_id": "BASIC_ep5_response_limited_topk_top_k4",
  "timestamp": "2025-11-11T00:03:55.659707",
  "finetune_type": "BASIC",
  "num_epochs": 5,
  "defense_type": "response_limited_topk",
  "defense_params": {
    "top_k": 4
  },
  "train_accuracy": 0.98375,
  "val_accuracy": 0.8882,
  "privacy": {
    "conf_threshold": {
      "accuracy": 0.5,
      "tpr": 0.0,
      "fpr": 0.0,
      "advantage": 0.0,
      "precision": 0.0,
      "recall": 0.0,
      "f1": 0.0
    },
    "logits_threshold": {
      "accuracy": 0.5,
      "tpr": 0.0,
      "fpr": 0.0,
      "advantage": 0.0,
      "precision": 0.0,
      "recall": 0.0,
      "f1": 0.0
    },
    "modified_entropy": {
      "accuracy": 0.5302734375,
      "tpr": 0.9999999999998046,
      "fpr": 0.9394531249998165,
      "advantage": 0.06054687499998812,
      "precision": 0.5156092648539259,
      "recall": 0.9999999999998046,
      "f1": 0.6803986710962551
    }
  },
  "robustness": {
    "benign_accuracy": 0.9575,
    "adversarial_accuracy": 0.5625,
    "robustness_drop": 0.395
  },
  "elapsed_time": 4.983144760131836,
  "status": "success"
}