{
  "experiment_id": "BASIC_ep10_output_perturbation_scale0.05",
  "timestamp": "2025-11-11T00:08:39.596437",
  "finetune_type": "BASIC",
  "num_epochs": 10,
  "defense_type": "output_perturbation",
  "defense_params": {
    "scale": 0.05
  },
  "train_accuracy": 0.9955,
  "val_accuracy": 0.8894,
  "privacy": {
    "conf_threshold": {
      "accuracy": 0.5,
      "tpr": 0.0,
      "fpr": 0.0,
      "advantage": 0.0,
      "precision": 0.0,
      "recall": 0.0,
      "f1": 0.0
    },
    "logits_threshold": {
      "accuracy": 0.5,
      "tpr": 0.0,
      "fpr": 0.0,
      "advantage": 0.0,
      "precision": 0.0,
      "recall": 0.0,
      "f1": 0.0
    },
    "modified_entropy": {
      "accuracy": 0.5439453125,
      "tpr": 0.9980468749998049,
      "fpr": 0.9101562499998221,
      "advantage": 0.08789062499998279,
      "precision": 0.5230296827020959,
      "recall": 0.9980468749998049,
      "f1": 0.6863666890529635
    }
  },
  "robustness": {
    "benign_accuracy": 0.9675,
    "adversarial_accuracy": 0.6225,
    "robustness_drop": 0.345
  },
  "elapsed_time": 9.200018882751465,
  "status": "success"
}