{
  "experiment_id": "BASIC_ep10_input_perturbation_sigma0.05",
  "timestamp": "2025-11-11T00:09:48.490559",
  "finetune_type": "BASIC",
  "num_epochs": 10,
  "defense_type": "input_perturbation",
  "defense_params": {
    "sigma": 0.05
  },
  "train_accuracy": 0.99325,
  "val_accuracy": 0.8826,
  "privacy": {
    "conf_threshold": {
      "accuracy": 0.5,
      "tpr": 0.0,
      "fpr": 0.0,
      "advantage": 0.0,
      "precision": 0.0,
      "recall": 0.0,
      "f1": 0.0
    },
    "logits_threshold": {
      "accuracy": 0.5,
      "tpr": 0.0,
      "fpr": 0.0,
      "advantage": 0.0,
      "precision": 0.0,
      "recall": 0.0,
      "f1": 0.0
    },
    "modified_entropy": {
      "accuracy": 0.5498046875,
      "tpr": 0.9999999999998046,
      "fpr": 0.900390624999824,
      "advantage": 0.09960937499998057,
      "precision": 0.5262076053442419,
      "recall": 0.9999999999998046,
      "f1": 0.6895622895621967
    }
  },
  "robustness": {
    "benign_accuracy": 0.9625,
    "adversarial_accuracy": 0.6725,
    "robustness_drop": 0.29000000000000004
  },
  "elapsed_time": 19.61925768852234,
  "status": "success"
}