{
  "experiment_id": "BASIC_ep3_input_perturbation_sigma0.01",
  "timestamp": "2025-11-11T00:00:03.467736",
  "finetune_type": "BASIC",
  "num_epochs": 3,
  "defense_type": "input_perturbation",
  "defense_params": {
    "sigma": 0.01
  },
  "train_accuracy": 0.97555,
  "val_accuracy": 0.8824,
  "privacy": {
    "conf_threshold": {
      "accuracy": 0.5,
      "tpr": 0.0,
      "fpr": 0.0,
      "advantage": 0.0,
      "precision": 0.0,
      "recall": 0.0,
      "f1": 0.0
    },
    "logits_threshold": {
      "accuracy": 0.5,
      "tpr": 0.0,
      "fpr": 0.0,
      "advantage": 0.0,
      "precision": 0.0,
      "recall": 0.0,
      "f1": 0.0
    },
    "modified_entropy": {
      "accuracy": 0.5517578125,
      "tpr": 0.9999999999998046,
      "fpr": 0.8964843749998248,
      "advantage": 0.1035156249999798,
      "precision": 0.5272914521111712,
      "recall": 0.9999999999998046,
      "f1": 0.6904922454483222
    }
  },
  "robustness": {
    "benign_accuracy": 0.95,
    "adversarial_accuracy": 0.5,
    "robustness_drop": 0.44999999999999996
  },
  "elapsed_time": 3.199943780899048,
  "status": "success"
}