{
  "experiment_id": "BASIC_ep5_temperature_scaled_temp1.5",
  "timestamp": "2025-11-11T00:03:16.144020",
  "finetune_type": "BASIC",
  "num_epochs": 5,
  "defense_type": "temperature_scaled",
  "defense_params": {
    "temp": 1.5
  },
  "train_accuracy": 0.98665,
  "val_accuracy": 0.8912,
  "privacy": {
    "conf_threshold": {
      "accuracy": 0.5,
      "tpr": 0.0,
      "fpr": 0.0,
      "advantage": 0.0,
      "precision": 0.0,
      "recall": 0.0,
      "f1": 0.0
    },
    "logits_threshold": {
      "accuracy": 0.5,
      "tpr": 0.0,
      "fpr": 0.0,
      "advantage": 0.0,
      "precision": 0.0,
      "recall": 0.0,
      "f1": 0.0
    },
    "modified_entropy": {
      "accuracy": 0.619140625,
      "tpr": 0.6367187499998755,
      "fpr": 0.3984374999999222,
      "advantage": 0.23828124999995337,
      "precision": 0.6150943396225254,
      "recall": 0.6367187499998755,
      "f1": 0.6257197696735842
    }
  },
  "robustness": {
    "benign_accuracy": 0.9575,
    "adversarial_accuracy": 0.5675,
    "robustness_drop": 0.39
  },
  "elapsed_time": 4.905367851257324,
  "status": "success"
}