{
  "experiment_id": "BASIC_ep1_temperature_scaled_temp1.0",
  "timestamp": "2025-11-10T23:59:14.254406",
  "finetune_type": "BASIC",
  "num_epochs": 1,
  "defense_type": "temperature_scaled",
  "defense_params": {
    "temp": 1.0
  },
  "train_accuracy": 0.9603,
  "val_accuracy": 0.8774,
  "privacy": {
    "conf_threshold": {
      "accuracy": 0.5,
      "tpr": 0.0,
      "fpr": 0.0,
      "advantage": 0.0,
      "precision": 0.0,
      "recall": 0.0,
      "f1": 0.0
    },
    "logits_threshold": {
      "accuracy": 0.5,
      "tpr": 0.0,
      "fpr": 0.0,
      "advantage": 0.0,
      "precision": 0.0,
      "recall": 0.0,
      "f1": 0.0
    },
    "modified_entropy": {
      "accuracy": 0.5595703125,
      "tpr": 0.9960937499998054,
      "fpr": 0.8769531249998287,
      "advantage": 0.11914062499997669,
      "precision": 0.5318039624608413,
      "recall": 0.9960937499998054,
      "f1": 0.693405846362924
    }
  },
  "robustness": {
    "benign_accuracy": 0.935,
    "adversarial_accuracy": 0.3575,
    "robustness_drop": 0.5775000000000001
  },
  "elapsed_time": 1.512237548828125,
  "status": "success"
}