{
  "experiment_id": "BASIC_ep5_response_limited_topk_top_k5",
  "timestamp": "2025-11-11T00:04:00.573278",
  "finetune_type": "BASIC",
  "num_epochs": 5,
  "defense_type": "response_limited_topk",
  "defense_params": {
    "top_k": 5
  },
  "train_accuracy": 0.9835,
  "val_accuracy": 0.8842,
  "privacy": {
    "conf_threshold": {
      "accuracy": 0.5,
      "tpr": 0.0,
      "fpr": 0.0,
      "advantage": 0.0,
      "precision": 0.0,
      "recall": 0.0,
      "f1": 0.0
    },
    "logits_threshold": {
      "accuracy": 0.5,
      "tpr": 0.0,
      "fpr": 0.0,
      "advantage": 0.0,
      "precision": 0.0,
      "recall": 0.0,
      "f1": 0.0
    },
    "modified_entropy": {
      "accuracy": 0.5302734375,
      "tpr": 0.9999999999998046,
      "fpr": 0.9394531249998165,
      "advantage": 0.06054687499998812,
      "precision": 0.5156092648539259,
      "recall": 0.9999999999998046,
      "f1": 0.6803986710962551
    }
  },
  "robustness": {
    "benign_accuracy": 0.9475,
    "adversarial_accuracy": 0.575,
    "robustness_drop": 0.37250000000000005
  },
  "elapsed_time": 4.907803773880005,
  "status": "success"
}