{
  "experiment_id": "BASIC_ep5_response_limited_topk_top_k1",
  "timestamp": "2025-11-11T00:03:40.833381",
  "finetune_type": "BASIC",
  "num_epochs": 5,
  "defense_type": "response_limited_topk",
  "defense_params": {
    "top_k": 1
  },
  "train_accuracy": 0.98675,
  "val_accuracy": 0.891,
  "privacy": {
    "conf_threshold": {
      "accuracy": 0.5,
      "tpr": 0.9999999999998046,
      "fpr": 0.9999999999998046,
      "advantage": 0.0,
      "precision": 0.49999999999995115,
      "recall": 0.9999999999998046,
      "f1": 0.6666666666665798
    },
    "logits_threshold": {
      "accuracy": 0.5,
      "tpr": 0.0,
      "fpr": 0.0,
      "advantage": 0.0,
      "precision": 0.0,
      "recall": 0.0,
      "f1": 0.0
    },
    "modified_entropy": {
      "accuracy": 0.5,
      "tpr": 0.9999999999998046,
      "fpr": 0.9999999999998046,
      "advantage": 0.0,
      "precision": 0.49999999999995115,
      "recall": 0.9999999999998046,
      "f1": 0.6666666666665798
    }
  },
  "robustness": {
    "benign_accuracy": 0.96,
    "adversarial_accuracy": 0.555,
    "robustness_drop": 0.4049999999999999
  },
  "elapsed_time": 4.967995882034302,
  "status": "success"
}