{
  "experiment_id": "BASIC_ep7_adaptive_noise_alpha0.1",
  "timestamp": "2025-11-11T00:07:54.671731",
  "finetune_type": "BASIC",
  "num_epochs": 7,
  "defense_type": "adaptive_noise",
  "defense_params": {
    "alpha": 0.1
  },
  "train_accuracy": 0.9887,
  "val_accuracy": 0.8876,
  "privacy": {
    "conf_threshold": {
      "accuracy": 0.5,
      "tpr": 0.0,
      "fpr": 0.0,
      "advantage": 0.0,
      "precision": 0.0,
      "recall": 0.0,
      "f1": 0.0
    },
    "logits_threshold": {
      "accuracy": 0.5,
      "tpr": 0.0,
      "fpr": 0.0,
      "advantage": 0.0,
      "precision": 0.0,
      "recall": 0.0,
      "f1": 0.0
    },
    "modified_entropy": {
      "accuracy": 0.5458984375,
      "tpr": 0.9999999999998046,
      "fpr": 0.9082031249998226,
      "advantage": 0.09179687499998201,
      "precision": 0.5240532241555247,
      "recall": 0.9999999999998046,
      "f1": 0.6877098723974898
    }
  },
  "robustness": {
    "benign_accuracy": 0.96,
    "adversarial_accuracy": 0.595,
    "robustness_drop": 0.365
  },
  "elapsed_time": 6.661271095275879,
  "status": "success"
}