{
  "experiment_id": "BASIC_ep3_temperature_scaled_temp1.5",
  "timestamp": "2025-11-11T00:00:48.096494",
  "finetune_type": "BASIC",
  "num_epochs": 3,
  "defense_type": "temperature_scaled",
  "defense_params": {
    "temp": 1.5
  },
  "train_accuracy": 0.97455,
  "val_accuracy": 0.8822,
  "privacy": {
    "conf_threshold": {
      "accuracy": 0.5,
      "tpr": 0.0,
      "fpr": 0.0,
      "advantage": 0.0,
      "precision": 0.0,
      "recall": 0.0,
      "f1": 0.0
    },
    "logits_threshold": {
      "accuracy": 0.5,
      "tpr": 0.0,
      "fpr": 0.0,
      "advantage": 0.0,
      "precision": 0.0,
      "recall": 0.0,
      "f1": 0.0
    },
    "modified_entropy": {
      "accuracy": 0.625,
      "tpr": 0.6113281249998805,
      "fpr": 0.3613281249999294,
      "advantage": 0.24999999999995115,
      "precision": 0.6285140562247734,
      "recall": 0.6113281249998805,
      "f1": 0.6198019801978971
    }
  },
  "robustness": {
    "benign_accuracy": 0.955,
    "adversarial_accuracy": 0.4975,
    "robustness_drop": 0.45749999999999996
  },
  "elapsed_time": 3.20110821723938,
  "status": "success"
}