{
  "experiment_id": "BASIC_ep1_response_limited_topk_top_k1",
  "timestamp": "2025-11-10T23:59:24.617495",
  "finetune_type": "BASIC",
  "num_epochs": 1,
  "defense_type": "response_limited_topk",
  "defense_params": {
    "top_k": 1
  },
  "train_accuracy": 0.95755,
  "val_accuracy": 0.8726,
  "privacy": {
    "conf_threshold": {
      "accuracy": 0.5,
      "tpr": 0.9999999999998046,
      "fpr": 0.9999999999998046,
      "advantage": 0.0,
      "precision": 0.49999999999995115,
      "recall": 0.9999999999998046,
      "f1": 0.6666666666665798
    },
    "logits_threshold": {
      "accuracy": 0.5,
      "tpr": 0.0,
      "fpr": 0.0,
      "advantage": 0.0,
      "precision": 0.0,
      "recall": 0.0,
      "f1": 0.0
    },
    "modified_entropy": {
      "accuracy": 0.5,
      "tpr": 0.9999999999998046,
      "fpr": 0.9999999999998046,
      "advantage": 0.0,
      "precision": 0.49999999999995115,
      "recall": 0.9999999999998046,
      "f1": 0.6666666666665798
    }
  },
  "robustness": {
    "benign_accuracy": 0.935,
    "adversarial_accuracy": 0.3775,
    "robustness_drop": 0.5575000000000001
  },
  "elapsed_time": 2.7706806659698486,
  "status": "success"
}