{
  "experiment_id": "BASIC_ep10_adaptive_noise_alpha1.0",
  "timestamp": "2025-11-11T00:13:54.035944",
  "finetune_type": "BASIC",
  "num_epochs": 10,
  "defense_type": "adaptive_noise",
  "defense_params": {
    "alpha": 1.0
  },
  "train_accuracy": 0.9923,
  "val_accuracy": 0.8876,
  "privacy": {
    "conf_threshold": {
      "accuracy": 0.5,
      "tpr": 0.0,
      "fpr": 0.0,
      "advantage": 0.0,
      "precision": 0.0,
      "recall": 0.0,
      "f1": 0.0
    },
    "logits_threshold": {
      "accuracy": 0.5,
      "tpr": 0.0,
      "fpr": 0.0,
      "advantage": 0.0,
      "precision": 0.0,
      "recall": 0.0,
      "f1": 0.0
    },
    "modified_entropy": {
      "accuracy": 0.5615234375,
      "tpr": 0.9453124999998153,
      "fpr": 0.8222656249998394,
      "advantage": 0.12304687499997591,
      "precision": 0.534806629834195,
      "recall": 0.9453124999998153,
      "f1": 0.6831333803809904
    }
  },
  "robustness": {
    "benign_accuracy": 0.96,
    "adversarial_accuracy": 0.6325,
    "robustness_drop": 0.3275
  },
  "elapsed_time": 9.085299730300903,
  "status": "success"
}