{
  "experiment_id": "BASIC_ep5_input_perturbation_sigma0.05",
  "timestamp": "2025-11-11T00:02:15.709908",
  "finetune_type": "BASIC",
  "num_epochs": 5,
  "defense_type": "input_perturbation",
  "defense_params": {
    "sigma": 0.05
  },
  "train_accuracy": 0.98605,
  "val_accuracy": 0.8852,
  "privacy": {
    "conf_threshold": {
      "accuracy": 0.5,
      "tpr": 0.0,
      "fpr": 0.0,
      "advantage": 0.0,
      "precision": 0.0,
      "recall": 0.0,
      "f1": 0.0
    },
    "logits_threshold": {
      "accuracy": 0.5,
      "tpr": 0.0,
      "fpr": 0.0,
      "advantage": 0.0,
      "precision": 0.0,
      "recall": 0.0,
      "f1": 0.0
    },
    "modified_entropy": {
      "accuracy": 0.55078125,
      "tpr": 0.9999999999998046,
      "fpr": 0.8984374999998245,
      "advantage": 0.10156249999998013,
      "precision": 0.5267489711933614,
      "recall": 0.9999999999998046,
      "f1": 0.6900269541778046
    }
  },
  "robustness": {
    "benign_accuracy": 0.96,
    "adversarial_accuracy": 0.6075,
    "robustness_drop": 0.3524999999999999
  },
  "elapsed_time": 4.9073076248168945,
  "status": "success"
}