{
  "experiment_id": "BASIC_ep7_output_perturbation_scale0.1",
  "timestamp": "2025-11-11T00:04:50.105166",
  "finetune_type": "BASIC",
  "num_epochs": 7,
  "defense_type": "output_perturbation",
  "defense_params": {
    "scale": 0.1
  },
  "train_accuracy": 0.98955,
  "val_accuracy": 0.8866,
  "privacy": {
    "conf_threshold": {
      "accuracy": 0.5,
      "tpr": 0.0,
      "fpr": 0.0,
      "advantage": 0.0,
      "precision": 0.0,
      "recall": 0.0,
      "f1": 0.0
    },
    "logits_threshold": {
      "accuracy": 0.5,
      "tpr": 0.0,
      "fpr": 0.0,
      "advantage": 0.0,
      "precision": 0.0,
      "recall": 0.0,
      "f1": 0.0
    },
    "modified_entropy": {
      "accuracy": 0.5478515625,
      "tpr": 0.9999999999998046,
      "fpr": 0.9042968749998233,
      "advantage": 0.09570312499998135,
      "precision": 0.5251282051281513,
      "recall": 0.9999999999998046,
      "f1": 0.688634835238643
    }
  },
  "robustness": {
    "benign_accuracy": 0.9525,
    "adversarial_accuracy": 0.6225,
    "robustness_drop": 0.32999999999999996
  },
  "elapsed_time": 6.609706878662109,
  "status": "success"
}