{
  "experiment_id": "BASIC_ep5_response_limited_topk_top_k3",
  "timestamp": "2025-11-11T00:03:50.666787",
  "finetune_type": "BASIC",
  "num_epochs": 5,
  "defense_type": "response_limited_topk",
  "defense_params": {
    "top_k": 3
  },
  "train_accuracy": 0.98535,
  "val_accuracy": 0.8866,
  "privacy": {
    "conf_threshold": {
      "accuracy": 0.5,
      "tpr": 0.0,
      "fpr": 0.0,
      "advantage": 0.0,
      "precision": 0.0,
      "recall": 0.0,
      "f1": 0.0
    },
    "logits_threshold": {
      "accuracy": 0.5,
      "tpr": 0.0,
      "fpr": 0.0,
      "advantage": 0.0,
      "precision": 0.0,
      "recall": 0.0,
      "f1": 0.0
    },
    "modified_entropy": {
      "accuracy": 0.5185546875,
      "tpr": 0.9999999999998046,
      "fpr": 0.9628906249998118,
      "advantage": 0.037109374999992784,
      "precision": 0.5094527363183572,
      "recall": 0.9999999999998046,
      "f1": 0.6750164798944397
    }
  },
  "robustness": {
    "benign_accuracy": 0.9575,
    "adversarial_accuracy": 0.575,
    "robustness_drop": 0.38250000000000006
  },
  "elapsed_time": 4.910498380661011,
  "status": "success"
}