{
  "experiment_id": "BASIC_ep3_response_limited_hard_hard_labelTrue",
  "timestamp": "2025-11-11T00:01:20.284302",
  "finetune_type": "BASIC",
  "num_epochs": 3,
  "defense_type": "response_limited_hard",
  "defense_params": {
    "hard_label": true
  },
  "train_accuracy": 0.976,
  "val_accuracy": 0.8828,
  "privacy": {
    "conf_threshold": {
      "accuracy": 0.5,
      "tpr": 0.9999999999998046,
      "fpr": 0.9999999999998046,
      "advantage": 0.0,
      "precision": 0.49999999999995115,
      "recall": 0.9999999999998046,
      "f1": 0.6666666666665798
    },
    "logits_threshold": {
      "accuracy": 0.5,
      "tpr": 0.0,
      "fpr": 0.0,
      "advantage": 0.0,
      "precision": 0.0,
      "recall": 0.0,
      "f1": 0.0
    },
    "modified_entropy": {
      "accuracy": 0.5,
      "tpr": 0.9999999999998046,
      "fpr": 0.9999999999998046,
      "advantage": 0.0,
      "precision": 0.49999999999995115,
      "recall": 0.9999999999998046,
      "f1": 0.6666666666665798
    }
  },
  "robustness": {
    "benign_accuracy": 0.965,
    "adversarial_accuracy": 0.4925,
    "robustness_drop": 0.4725
  },
  "elapsed_time": 3.1886439323425293,
  "status": "success"
}