{
  "experiment_id": "BASIC_ep5_test_time_augmentation_num_augmentations7",
  "timestamp": "2025-11-11T00:02:58.741887",
  "finetune_type": "BASIC",
  "num_epochs": 5,
  "defense_type": "test_time_augmentation",
  "defense_params": {
    "num_augmentations": 7
  },
  "train_accuracy": 0.9767,
  "val_accuracy": 0.8802,
  "privacy": {
    "conf_threshold": {
      "accuracy": 0.5,
      "tpr": 0.0,
      "fpr": 0.0,
      "advantage": 0.0,
      "precision": 0.0,
      "recall": 0.0,
      "f1": 0.0
    },
    "logits_threshold": {
      "accuracy": 0.5,
      "tpr": 0.0,
      "fpr": 0.0,
      "advantage": 0.0,
      "precision": 0.0,
      "recall": 0.0,
      "f1": 0.0
    },
    "modified_entropy": {
      "accuracy": 0.572265625,
      "tpr": 0.9921874999998062,
      "fpr": 0.8476562499998344,
      "advantage": 0.1445312499999718,
      "precision": 0.5392781316347622,
      "recall": 0.9921874999998062,
      "f1": 0.6987620357633151
    }
  },
  "robustness": {
    "benign_accuracy": 0.955,
    "adversarial_accuracy": 0.7975,
    "robustness_drop": 0.15749999999999997
  },
  "elapsed_time": 6.724528551101685,
  "status": "success"
}