{
  "experiment_id": "BASIC_ep10_output_perturbation_scale0.3",
  "timestamp": "2025-11-11T00:09:07.036178",
  "finetune_type": "BASIC",
  "num_epochs": 10,
  "defense_type": "output_perturbation",
  "defense_params": {
    "scale": 0.3
  },
  "train_accuracy": 0.99635,
  "val_accuracy": 0.8916,
  "privacy": {
    "conf_threshold": {
      "accuracy": 0.5,
      "tpr": 0.0,
      "fpr": 0.0,
      "advantage": 0.0,
      "precision": 0.0,
      "recall": 0.0,
      "f1": 0.0
    },
    "logits_threshold": {
      "accuracy": 0.5,
      "tpr": 0.0,
      "fpr": 0.0,
      "advantage": 0.0,
      "precision": 0.0,
      "recall": 0.0,
      "f1": 0.0
    },
    "modified_entropy": {
      "accuracy": 0.5419921875,
      "tpr": 0.9999999999998046,
      "fpr": 0.916015624999821,
      "advantage": 0.08398437499998357,
      "precision": 0.5219164118246155,
      "recall": 0.9999999999998046,
      "f1": 0.6858673811117634
    }
  },
  "robustness": {
    "benign_accuracy": 0.9525,
    "adversarial_accuracy": 0.6625,
    "robustness_drop": 0.29000000000000004
  },
  "elapsed_time": 9.202438831329346,
  "status": "success"
}