{
  "experiment_id": "FGSM_ep3_test_time_augmentation_num_augmentations5",
  "timestamp": "2025-11-11T01:37:04.956923",
  "finetune_type": "FGSM",
  "num_epochs": 3,
  "defense_type": "test_time_augmentation",
  "defense_params": {
    "num_augmentations": 5
  },
  "train_accuracy": 0.86825,
  "val_accuracy": 0.8032,
  "privacy": {
    "conf_threshold": {
      "accuracy": 0.5,
      "tpr": 0.0,
      "fpr": 0.0,
      "advantage": 0.0,
      "precision": 0.0,
      "recall": 0.0,
      "f1": 0.0
    },
    "logits_threshold": {
      "accuracy": 0.5,
      "tpr": 0.0,
      "fpr": 0.0,
      "advantage": 0.0,
      "precision": 0.0,
      "recall": 0.0,
      "f1": 0.0
    },
    "modified_entropy": {
      "accuracy": 0.583984375,
      "tpr": 0.7109374999998611,
      "fpr": 0.5429687499998939,
      "advantage": 0.16796874999996725,
      "precision": 0.5669781931463291,
      "recall": 0.7109374999998611,
      "f1": 0.6308492201038768
    }
  },
  "robustness": {
    "benign_accuracy": 0.8925,
    "adversarial_accuracy": 0.755,
    "robustness_drop": 0.13749999999999996
  },
  "elapsed_time": 6.08345627784729,
  "status": "success"
}