{
  "experiment_id": "FGSM_ep10_output_perturbation_scale0.2",
  "timestamp": "2025-11-11T01:50:19.917297",
  "finetune_type": "FGSM",
  "num_epochs": 10,
  "defense_type": "output_perturbation",
  "defense_params": {
    "scale": 0.2
  },
  "train_accuracy": 0.94655,
  "val_accuracy": 0.8306,
  "privacy": {
    "conf_threshold": {
      "accuracy": 0.5,
      "tpr": 0.0,
      "fpr": 0.0,
      "advantage": 0.0,
      "precision": 0.0,
      "recall": 0.0,
      "f1": 0.0
    },
    "logits_threshold": {
      "accuracy": 0.5,
      "tpr": 0.0,
      "fpr": 0.0,
      "advantage": 0.0,
      "precision": 0.0,
      "recall": 0.0,
      "f1": 0.0
    },
    "modified_entropy": {
      "accuracy": 0.5478515625,
      "tpr": 0.9238281249998195,
      "fpr": 0.8281249999998382,
      "advantage": 0.09570312499998124,
      "precision": 0.5273132664436424,
      "recall": 0.9238281249998195,
      "f1": 0.671398154719564
    }
  },
  "robustness": {
    "benign_accuracy": 0.905,
    "adversarial_accuracy": 0.755,
    "robustness_drop": 0.15000000000000002
  },
  "elapsed_time": 14.894391059875488,
  "status": "success"
}