{
  "experiment_id": "FGSM_ep10_response_limited_hard_hard_labelTrue",
  "timestamp": "2025-11-11T01:56:37.667001",
  "finetune_type": "FGSM",
  "num_epochs": 10,
  "defense_type": "response_limited_hard",
  "defense_params": {
    "hard_label": true
  },
  "train_accuracy": 0.94665,
  "val_accuracy": 0.8302,
  "privacy": {
    "conf_threshold": {
      "accuracy": 0.5,
      "tpr": 0.9999999999998046,
      "fpr": 0.9999999999998046,
      "advantage": 0.0,
      "precision": 0.49999999999995115,
      "recall": 0.9999999999998046,
      "f1": 0.6666666666665798
    },
    "logits_threshold": {
      "accuracy": 0.5,
      "tpr": 0.0,
      "fpr": 0.0,
      "advantage": 0.0,
      "precision": 0.0,
      "recall": 0.0,
      "f1": 0.0
    },
    "modified_entropy": {
      "accuracy": 0.5,
      "tpr": 0.9999999999998046,
      "fpr": 0.9999999999998046,
      "advantage": 0.0,
      "precision": 0.49999999999995115,
      "recall": 0.9999999999998046,
      "f1": 0.6666666666665798
    }
  },
  "robustness": {
    "benign_accuracy": 0.9075,
    "adversarial_accuracy": 0.7675,
    "robustness_drop": 0.14
  },
  "elapsed_time": 14.881737232208252,
  "status": "success"
}