{
  "experiment_id": "FGSM_ep3_output_perturbation_scale0.3",
  "timestamp": "2025-11-11T01:36:13.840539",
  "finetune_type": "FGSM",
  "num_epochs": 3,
  "defense_type": "output_perturbation",
  "defense_params": {
    "scale": 0.3
  },
  "train_accuracy": 0.9232,
  "val_accuracy": 0.8434,
  "privacy": {
    "conf_threshold": {
      "accuracy": 0.5,
      "tpr": 0.0,
      "fpr": 0.0,
      "advantage": 0.0,
      "precision": 0.0,
      "recall": 0.0,
      "f1": 0.0
    },
    "logits_threshold": {
      "accuracy": 0.5,
      "tpr": 0.0,
      "fpr": 0.0,
      "advantage": 0.0,
      "precision": 0.0,
      "recall": 0.0,
      "f1": 0.0
    },
    "modified_entropy": {
      "accuracy": 0.5869140625,
      "tpr": 0.874999999999829,
      "fpr": 0.701171874999863,
      "advantage": 0.17382812499996603,
      "precision": 0.5551425030978246,
      "recall": 0.874999999999829,
      "f1": 0.6793025018952722
    }
  },
  "robustness": {
    "benign_accuracy": 0.9125,
    "adversarial_accuracy": 0.64,
    "robustness_drop": 0.27249999999999996
  },
  "elapsed_time": 4.918010234832764,
  "status": "success"
}