{
  "experiment_id": "FGSM_ep7_temperature_scaled_temp2.0",
  "timestamp": "2025-11-11T01:46:51.827757",
  "finetune_type": "FGSM",
  "num_epochs": 7,
  "defense_type": "temperature_scaled",
  "defense_params": {
    "temp": 2.0
  },
  "train_accuracy": 0.9407,
  "val_accuracy": 0.8396,
  "privacy": {
    "conf_threshold": {
      "accuracy": 0.5,
      "tpr": 0.0,
      "fpr": 0.0,
      "advantage": 0.0,
      "precision": 0.0,
      "recall": 0.0,
      "f1": 0.0
    },
    "logits_threshold": {
      "accuracy": 0.5,
      "tpr": 0.0,
      "fpr": 0.0,
      "advantage": 0.0,
      "precision": 0.0,
      "recall": 0.0,
      "f1": 0.0
    },
    "modified_entropy": {
      "accuracy": 0.51171875,
      "tpr": 0.03320312499999351,
      "fpr": 0.009765624999998092,
      "advantage": 0.02343749999999542,
      "precision": 0.7727272727237604,
      "recall": 0.03320312499999351,
      "f1": 0.06367041198499489
    }
  },
  "robustness": {
    "benign_accuracy": 0.925,
    "adversarial_accuracy": 0.765,
    "robustness_drop": 0.16000000000000003
  },
  "elapsed_time": 10.636576175689697,
  "status": "success"
}