{
  "experiment_id": "FGSM_ep3_response_limited_topk_top_k4",
  "timestamp": "2025-11-11T01:38:08.557848",
  "finetune_type": "FGSM",
  "num_epochs": 3,
  "defense_type": "response_limited_topk",
  "defense_params": {
    "top_k": 4
  },
  "train_accuracy": 0.9247,
  "val_accuracy": 0.8454,
  "privacy": {
    "conf_threshold": {
      "accuracy": 0.5,
      "tpr": 0.0,
      "fpr": 0.0,
      "advantage": 0.0,
      "precision": 0.0,
      "recall": 0.0,
      "f1": 0.0
    },
    "logits_threshold": {
      "accuracy": 0.5,
      "tpr": 0.0,
      "fpr": 0.0,
      "advantage": 0.0,
      "precision": 0.0,
      "recall": 0.0,
      "f1": 0.0
    },
    "modified_entropy": {
      "accuracy": 0.5712890625,
      "tpr": 0.9355468749998171,
      "fpr": 0.792968749999845,
      "advantage": 0.14257812499997213,
      "precision": 0.5412429378530461,
      "recall": 0.9355468749998171,
      "f1": 0.6857551896920994
    }
  },
  "robustness": {
    "benign_accuracy": 0.92,
    "adversarial_accuracy": 0.6625,
    "robustness_drop": 0.25750000000000006
  },
  "elapsed_time": 4.917525291442871,
  "status": "success"
}