{
  "experiment_id": "FGSM_ep10_adaptive_noise_alpha0.3",
  "timestamp": "2025-11-11T01:57:07.423551",
  "finetune_type": "FGSM",
  "num_epochs": 10,
  "defense_type": "adaptive_noise",
  "defense_params": {
    "alpha": 0.3
  },
  "train_accuracy": 0.94565,
  "val_accuracy": 0.8356,
  "privacy": {
    "conf_threshold": {
      "accuracy": 0.5,
      "tpr": 0.0,
      "fpr": 0.0,
      "advantage": 0.0,
      "precision": 0.0,
      "recall": 0.0,
      "f1": 0.0
    },
    "logits_threshold": {
      "accuracy": 0.5,
      "tpr": 0.0,
      "fpr": 0.0,
      "advantage": 0.0,
      "precision": 0.0,
      "recall": 0.0,
      "f1": 0.0
    },
    "modified_entropy": {
      "accuracy": 0.544921875,
      "tpr": 0.9335937499998176,
      "fpr": 0.8437499999998351,
      "advantage": 0.08984374999998246,
      "precision": 0.5252747252746676,
      "recall": 0.9335937499998176,
      "f1": 0.6722925457101726
    }
  },
  "robustness": {
    "benign_accuracy": 0.9075,
    "adversarial_accuracy": 0.67,
    "robustness_drop": 0.23749999999999993
  },
  "elapsed_time": 14.835501432418823,
  "status": "success"
}