{
  "experiment_id": "FGSM_ep1_temperature_scaled_temp2.0",
  "timestamp": "2025-11-11T01:35:19.732319",
  "finetune_type": "FGSM",
  "num_epochs": 1,
  "defense_type": "temperature_scaled",
  "defense_params": {
    "temp": 2.0
  },
  "train_accuracy": 0.91325,
  "val_accuracy": 0.8304,
  "privacy": {
    "conf_threshold": {
      "accuracy": 0.5,
      "tpr": 0.0,
      "fpr": 0.0,
      "advantage": 0.0,
      "precision": 0.0,
      "recall": 0.0,
      "f1": 0.0
    },
    "logits_threshold": {
      "accuracy": 0.5,
      "tpr": 0.0,
      "fpr": 0.0,
      "advantage": 0.0,
      "precision": 0.0,
      "recall": 0.0,
      "f1": 0.0
    },
    "modified_entropy": {
      "accuracy": 0.5,
      "tpr": 0.0039062499999992367,
      "fpr": 0.0039062499999992367,
      "advantage": 0.0,
      "precision": 0.4999999999875,
      "recall": 0.0039062499999992367,
      "f1": 0.007751937984493119
    }
  },
  "robustness": {
    "benign_accuracy": 0.905,
    "adversarial_accuracy": 0.5075,
    "robustness_drop": 0.3975000000000001
  },
  "elapsed_time": 2.0880465507507324,
  "status": "success"
}