{
  "experiment_id": "FGSM_ep5_adaptive_noise_alpha0.5",
  "timestamp": "2025-11-11T01:42:57.972335",
  "finetune_type": "FGSM",
  "num_epochs": 5,
  "defense_type": "adaptive_noise",
  "defense_params": {
    "alpha": 0.5
  },
  "train_accuracy": 0.93675,
  "val_accuracy": 0.847,
  "privacy": {
    "conf_threshold": {
      "accuracy": 0.5,
      "tpr": 0.0,
      "fpr": 0.0,
      "advantage": 0.0,
      "precision": 0.0,
      "recall": 0.0,
      "f1": 0.0
    },
    "logits_threshold": {
      "accuracy": 0.5,
      "tpr": 0.0,
      "fpr": 0.0,
      "advantage": 0.0,
      "precision": 0.0,
      "recall": 0.0,
      "f1": 0.0
    },
    "modified_entropy": {
      "accuracy": 0.5546875,
      "tpr": 0.9238281249998195,
      "fpr": 0.8144531249998409,
      "advantage": 0.10937499999997857,
      "precision": 0.5314606741572436,
      "recall": 0.9238281249998195,
      "f1": 0.6747503566332845
    }
  },
  "robustness": {
    "benign_accuracy": 0.9275,
    "adversarial_accuracy": 0.6725,
    "robustness_drop": 0.255
  },
  "elapsed_time": 7.740739822387695,
  "status": "success"
}