{
  "experiment_id": "FGSM_ep3_adaptive_noise_alpha0.7",
  "timestamp": "2025-11-11T01:38:38.226378",
  "finetune_type": "FGSM",
  "num_epochs": 3,
  "defense_type": "adaptive_noise",
  "defense_params": {
    "alpha": 0.7
  },
  "train_accuracy": 0.9149,
  "val_accuracy": 0.8376,
  "privacy": {
    "conf_threshold": {
      "accuracy": 0.5,
      "tpr": 0.0,
      "fpr": 0.0,
      "advantage": 0.0,
      "precision": 0.0,
      "recall": 0.0,
      "f1": 0.0
    },
    "logits_threshold": {
      "accuracy": 0.5,
      "tpr": 0.0,
      "fpr": 0.0,
      "advantage": 0.0,
      "precision": 0.0,
      "recall": 0.0,
      "f1": 0.0
    },
    "modified_entropy": {
      "accuracy": 0.56640625,
      "tpr": 0.7519531249998531,
      "fpr": 0.619140624999879,
      "advantage": 0.13281249999997413,
      "precision": 0.5484330484329702,
      "recall": 0.7519531249998531,
      "f1": 0.6342668863260899
    }
  },
  "robustness": {
    "benign_accuracy": 0.9,
    "adversarial_accuracy": 0.6775,
    "robustness_drop": 0.22250000000000003
  },
  "elapsed_time": 4.918654918670654,
  "status": "success"
}