{
  "experiment_id": "FGSM_ep1_input_perturbation_sigma0.05",
  "timestamp": "2025-11-11T01:34:47.582279",
  "finetune_type": "FGSM",
  "num_epochs": 1,
  "defense_type": "input_perturbation",
  "defense_params": {
    "sigma": 0.05
  },
  "train_accuracy": 0.91205,
  "val_accuracy": 0.832,
  "privacy": {
    "conf_threshold": {
      "accuracy": 0.5,
      "tpr": 0.0,
      "fpr": 0.0,
      "advantage": 0.0,
      "precision": 0.0,
      "recall": 0.0,
      "f1": 0.0
    },
    "logits_threshold": {
      "accuracy": 0.5,
      "tpr": 0.0,
      "fpr": 0.0,
      "advantage": 0.0,
      "precision": 0.0,
      "recall": 0.0,
      "f1": 0.0
    },
    "modified_entropy": {
      "accuracy": 0.591796875,
      "tpr": 0.8027343749998431,
      "fpr": 0.619140624999879,
      "advantage": 0.18359374999996414,
      "precision": 0.564560439560362,
      "recall": 0.8027343749998431,
      "f1": 0.6629032258063446
    }
  },
  "robustness": {
    "benign_accuracy": 0.8975,
    "adversarial_accuracy": 0.5375,
    "robustness_drop": 0.36
  },
  "elapsed_time": 2.1097679138183594,
  "status": "success"
}