{
  "experiment_id": "FGSM_ep10_input_perturbation_sigma0.1",
  "timestamp": "2025-11-11T01:51:34.286817",
  "finetune_type": "FGSM",
  "num_epochs": 10,
  "defense_type": "input_perturbation",
  "defense_params": {
    "sigma": 0.1
  },
  "train_accuracy": 0.93025,
  "val_accuracy": 0.8218,
  "privacy": {
    "conf_threshold": {
      "accuracy": 0.5,
      "tpr": 0.0,
      "fpr": 0.0,
      "advantage": 0.0,
      "precision": 0.0,
      "recall": 0.0,
      "f1": 0.0
    },
    "logits_threshold": {
      "accuracy": 0.5,
      "tpr": 0.0,
      "fpr": 0.0,
      "advantage": 0.0,
      "precision": 0.0,
      "recall": 0.0,
      "f1": 0.0
    },
    "modified_entropy": {
      "accuracy": 0.548828125,
      "tpr": 0.8945312499998253,
      "fpr": 0.7968749999998443,
      "advantage": 0.0976562499999809,
      "precision": 0.5288683602770752,
      "recall": 0.8945312499998253,
      "f1": 0.6647314949200777
    }
  },
  "robustness": {
    "benign_accuracy": 0.89,
    "adversarial_accuracy": 0.77,
    "robustness_drop": 0.12
  },
  "elapsed_time": 14.900453805923462,
  "status": "success"
}