{
  "experiment_id": "FGSM_ep7_output_perturbation_scale0.05",
  "timestamp": "2025-11-11T01:43:34.757979",
  "finetune_type": "FGSM",
  "num_epochs": 7,
  "defense_type": "output_perturbation",
  "defense_params": {
    "scale": 0.05
  },
  "train_accuracy": 0.9385,
  "val_accuracy": 0.837,
  "privacy": {
    "conf_threshold": {
      "accuracy": 0.5,
      "tpr": 0.0,
      "fpr": 0.0,
      "advantage": 0.0,
      "precision": 0.0,
      "recall": 0.0,
      "f1": 0.0
    },
    "logits_threshold": {
      "accuracy": 0.5,
      "tpr": 0.0,
      "fpr": 0.0,
      "advantage": 0.0,
      "precision": 0.0,
      "recall": 0.0,
      "f1": 0.0
    },
    "modified_entropy": {
      "accuracy": 0.5771484375,
      "tpr": 0.9082031249998226,
      "fpr": 0.7539062499998527,
      "advantage": 0.1542968749999699,
      "precision": 0.5464159811985256,
      "recall": 0.9082031249998226,
      "f1": 0.6823184152603547
    }
  },
  "robustness": {
    "benign_accuracy": 0.9225,
    "adversarial_accuracy": 0.77,
    "robustness_drop": 0.15249999999999997
  },
  "elapsed_time": 10.627177476882935,
  "status": "success"
}