{
  "experiment_id": "FGSM_ep10_test_time_augmentation_num_augmentations7",
  "timestamp": "2025-11-11T01:53:21.837678",
  "finetune_type": "FGSM",
  "num_epochs": 10,
  "defense_type": "test_time_augmentation",
  "defense_params": {
    "num_augmentations": 7
  },
  "train_accuracy": 0.89925,
  "val_accuracy": 0.8072,
  "privacy": {
    "conf_threshold": {
      "accuracy": 0.5,
      "tpr": 0.0,
      "fpr": 0.0,
      "advantage": 0.0,
      "precision": 0.0,
      "recall": 0.0,
      "f1": 0.0
    },
    "logits_threshold": {
      "accuracy": 0.5,
      "tpr": 0.0,
      "fpr": 0.0,
      "advantage": 0.0,
      "precision": 0.0,
      "recall": 0.0,
      "f1": 0.0
    },
    "modified_entropy": {
      "accuracy": 0.5751953125,
      "tpr": 0.8535156249998332,
      "fpr": 0.7031249999998627,
      "advantage": 0.15039062499997058,
      "precision": 0.5483061480551382,
      "recall": 0.8535156249998332,
      "f1": 0.667685255920448
    }
  },
  "robustness": {
    "benign_accuracy": 0.86,
    "adversarial_accuracy": 0.7675,
    "robustness_drop": 0.09250000000000003
  },
  "elapsed_time": 16.632381439208984,
  "status": "success"
}