{
  "experiment_id": "FGSM_ep5_input_perturbation_sigma0.05",
  "timestamp": "2025-11-11T01:39:45.304727",
  "finetune_type": "FGSM",
  "num_epochs": 5,
  "defense_type": "input_perturbation",
  "defense_params": {
    "sigma": 0.05
  },
  "train_accuracy": 0.93155,
  "val_accuracy": 0.8442,
  "privacy": {
    "conf_threshold": {
      "accuracy": 0.5,
      "tpr": 0.0,
      "fpr": 0.0,
      "advantage": 0.0,
      "precision": 0.0,
      "recall": 0.0,
      "f1": 0.0
    },
    "logits_threshold": {
      "accuracy": 0.5,
      "tpr": 0.0,
      "fpr": 0.0,
      "advantage": 0.0,
      "precision": 0.0,
      "recall": 0.0,
      "f1": 0.0
    },
    "modified_entropy": {
      "accuracy": 0.5673828125,
      "tpr": 0.8730468749998294,
      "fpr": 0.7382812499998558,
      "advantage": 0.13476562499997358,
      "precision": 0.5418181818181161,
      "recall": 0.8730468749998294,
      "f1": 0.6686611817500869
    }
  },
  "robustness": {
    "benign_accuracy": 0.92,
    "adversarial_accuracy": 0.735,
    "robustness_drop": 0.18500000000000005
  },
  "elapsed_time": 7.81272292137146,
  "status": "success"
}