{
  "experiment_id": "FGSM_ep10_temperature_scaled_temp1.5",
  "timestamp": "2025-11-11T01:54:09.068215",
  "finetune_type": "FGSM",
  "num_epochs": 10,
  "defense_type": "temperature_scaled",
  "defense_params": {
    "temp": 1.5
  },
  "train_accuracy": 0.94725,
  "val_accuracy": 0.8304,
  "privacy": {
    "conf_threshold": {
      "accuracy": 0.5,
      "tpr": 0.0,
      "fpr": 0.0,
      "advantage": 0.0,
      "precision": 0.0,
      "recall": 0.0,
      "f1": 0.0
    },
    "logits_threshold": {
      "accuracy": 0.5,
      "tpr": 0.0,
      "fpr": 0.0,
      "advantage": 0.0,
      "precision": 0.0,
      "recall": 0.0,
      "f1": 0.0
    },
    "modified_entropy": {
      "accuracy": 0.6005859375,
      "tpr": 0.568359374999889,
      "fpr": 0.3671874999999283,
      "advantage": 0.2011718749999607,
      "precision": 0.607515657619915,
      "recall": 0.568359374999889,
      "f1": 0.5872855701310621
    }
  },
  "robustness": {
    "benign_accuracy": 0.9125,
    "adversarial_accuracy": 0.765,
    "robustness_drop": 0.14749999999999996
  },
  "elapsed_time": 14.884278535842896,
  "status": "success"
}