{
  "experiment_id": "FGSM_ep3_input_perturbation_sigma0.05",
  "timestamp": "2025-11-11T01:36:28.688513",
  "finetune_type": "FGSM",
  "num_epochs": 3,
  "defense_type": "input_perturbation",
  "defense_params": {
    "sigma": 0.05
  },
  "train_accuracy": 0.9145,
  "val_accuracy": 0.8358,
  "privacy": {
    "conf_threshold": {
      "accuracy": 0.5,
      "tpr": 0.0,
      "fpr": 0.0,
      "advantage": 0.0,
      "precision": 0.0,
      "recall": 0.0,
      "f1": 0.0
    },
    "logits_threshold": {
      "accuracy": 0.5,
      "tpr": 0.0,
      "fpr": 0.0,
      "advantage": 0.0,
      "precision": 0.0,
      "recall": 0.0,
      "f1": 0.0
    },
    "modified_entropy": {
      "accuracy": 0.57421875,
      "tpr": 0.7324218749998569,
      "fpr": 0.5839843749998859,
      "advantage": 0.14843749999997102,
      "precision": 0.5563798219583744,
      "recall": 0.7324218749998569,
      "f1": 0.6323777403034346
    }
  },
  "robustness": {
    "benign_accuracy": 0.915,
    "adversarial_accuracy": 0.7075,
    "robustness_drop": 0.20750000000000002
  },
  "elapsed_time": 4.9822163581848145,
  "status": "success"
}