{
  "experiment_id": "FGSM_ep5_adaptive_noise_alpha0.3",
  "timestamp": "2025-11-11T01:42:50.229993",
  "finetune_type": "FGSM",
  "num_epochs": 5,
  "defense_type": "adaptive_noise",
  "defense_params": {
    "alpha": 0.3
  },
  "train_accuracy": 0.9281,
  "val_accuracy": 0.8452,
  "privacy": {
    "conf_threshold": {
      "accuracy": 0.5,
      "tpr": 0.0,
      "fpr": 0.0,
      "advantage": 0.0,
      "precision": 0.0,
      "recall": 0.0,
      "f1": 0.0
    },
    "logits_threshold": {
      "accuracy": 0.5,
      "tpr": 0.0,
      "fpr": 0.0,
      "advantage": 0.0,
      "precision": 0.0,
      "recall": 0.0,
      "f1": 0.0
    },
    "modified_entropy": {
      "accuracy": 0.576171875,
      "tpr": 0.8535156249998332,
      "fpr": 0.701171874999863,
      "advantage": 0.15234374999997025,
      "precision": 0.5489949748743028,
      "recall": 0.8535156249998332,
      "f1": 0.668195718654332
    }
  },
  "robustness": {
    "benign_accuracy": 0.92,
    "adversarial_accuracy": 0.765,
    "robustness_drop": 0.15500000000000003
  },
  "elapsed_time": 7.811767101287842,
  "status": "success"
}