{
  "experiment_id": "FGSM_ep7_response_limited_topk_top_k2",
  "timestamp": "2025-11-11T01:47:44.859244",
  "finetune_type": "FGSM",
  "num_epochs": 7,
  "defense_type": "response_limited_topk",
  "defense_params": {
    "top_k": 2
  },
  "train_accuracy": 0.943,
  "val_accuracy": 0.8432,
  "privacy": {
    "conf_threshold": {
      "accuracy": 0.5009765625,
      "tpr": 0.0019531249999996184,
      "fpr": 0.0,
      "advantage": 0.0019531249999996184,
      "precision": 0.9999999999,
      "recall": 0.0019531249999996184,
      "f1": 0.003898635477581326
    },
    "logits_threshold": {
      "accuracy": 0.5,
      "tpr": 0.0,
      "fpr": 0.0,
      "advantage": 0.0,
      "precision": 0.0,
      "recall": 0.0,
      "f1": 0.0
    },
    "modified_entropy": {
      "accuracy": 0.5,
      "tpr": 0.9999999999998046,
      "fpr": 0.9999999999998046,
      "advantage": 0.0,
      "precision": 0.49999999999995115,
      "recall": 0.9999999999998046,
      "f1": 0.6666666666665798
    }
  },
  "robustness": {
    "benign_accuracy": 0.9175,
    "adversarial_accuracy": 0.665,
    "robustness_drop": 0.25249999999999995
  },
  "elapsed_time": 10.581243515014648,
  "status": "success"
}