{
  "experiment_id": "FGSM_ep10_output_perturbation_scale0.3",
  "timestamp": "2025-11-11T01:50:34.751109",
  "finetune_type": "FGSM",
  "num_epochs": 10,
  "defense_type": "output_perturbation",
  "defense_params": {
    "scale": 0.3
  },
  "train_accuracy": 0.9452,
  "val_accuracy": 0.8354,
  "privacy": {
    "conf_threshold": {
      "accuracy": 0.5,
      "tpr": 0.0,
      "fpr": 0.0,
      "advantage": 0.0,
      "precision": 0.0,
      "recall": 0.0,
      "f1": 0.0
    },
    "logits_threshold": {
      "accuracy": 0.5,
      "tpr": 0.0,
      "fpr": 0.0,
      "advantage": 0.0,
      "precision": 0.0,
      "recall": 0.0,
      "f1": 0.0
    },
    "modified_entropy": {
      "accuracy": 0.5478515625,
      "tpr": 0.9218749999998199,
      "fpr": 0.8261718749998386,
      "advantage": 0.09570312499998135,
      "precision": 0.5273743016759187,
      "recall": 0.9218749999998199,
      "f1": 0.6709310589906651
    }
  },
  "robustness": {
    "benign_accuracy": 0.9075,
    "adversarial_accuracy": 0.7175,
    "robustness_drop": 0.18999999999999995
  },
  "elapsed_time": 14.832466840744019,
  "status": "success"
}