{
  "experiment_id": "FGSM_ep10_adaptive_noise_alpha1.0",
  "timestamp": "2025-11-11T01:57:52.078046",
  "finetune_type": "FGSM",
  "num_epochs": 10,
  "defense_type": "adaptive_noise",
  "defense_params": {
    "alpha": 1.0
  },
  "train_accuracy": 0.94185,
  "val_accuracy": 0.8332,
  "privacy": {
    "conf_threshold": {
      "accuracy": 0.5,
      "tpr": 0.0,
      "fpr": 0.0,
      "advantage": 0.0,
      "precision": 0.0,
      "recall": 0.0,
      "f1": 0.0
    },
    "logits_threshold": {
      "accuracy": 0.5009765625,
      "tpr": 0.0019531249999996184,
      "fpr": 0.0,
      "advantage": 0.0019531249999996184,
      "precision": 0.9999999999,
      "recall": 0.0019531249999996184,
      "f1": 0.003898635477581326
    },
    "modified_entropy": {
      "accuracy": 0.54296875,
      "tpr": 0.8710937499998298,
      "fpr": 0.7851562499998466,
      "advantage": 0.08593749999998324,
      "precision": 0.525943396226353,
      "recall": 0.8710937499998298,
      "f1": 0.65588235294108
    }
  },
  "robustness": {
    "benign_accuracy": 0.9125,
    "adversarial_accuracy": 0.7175,
    "robustness_drop": 0.19499999999999995
  },
  "elapsed_time": 14.893362283706665,
  "status": "success"
}