{
  "experiment_id": "FGSM_ep7_input_perturbation_sigma0.01",
  "timestamp": "2025-11-11T01:44:27.768156",
  "finetune_type": "FGSM",
  "num_epochs": 7,
  "defense_type": "input_perturbation",
  "defense_params": {
    "sigma": 0.01
  },
  "train_accuracy": 0.94265,
  "val_accuracy": 0.8432,
  "privacy": {
    "conf_threshold": {
      "accuracy": 0.5,
      "tpr": 0.0,
      "fpr": 0.0,
      "advantage": 0.0,
      "precision": 0.0,
      "recall": 0.0,
      "f1": 0.0
    },
    "logits_threshold": {
      "accuracy": 0.5,
      "tpr": 0.0,
      "fpr": 0.0,
      "advantage": 0.0,
      "precision": 0.0,
      "recall": 0.0,
      "f1": 0.0
    },
    "modified_entropy": {
      "accuracy": 0.5419921875,
      "tpr": 0.9296874999998184,
      "fpr": 0.8457031249998348,
      "advantage": 0.08398437499998357,
      "precision": 0.523652365236466,
      "recall": 0.9296874999998184,
      "f1": 0.6699507389161619
    }
  },
  "robustness": {
    "benign_accuracy": 0.92,
    "adversarial_accuracy": 0.7175,
    "robustness_drop": 0.2025
  },
  "elapsed_time": 10.573915719985962,
  "status": "success"
}