{
  "experiment_id": "FGSM_ep1_output_perturbation_scale0.1",
  "timestamp": "2025-11-11T01:34:37.052066",
  "finetune_type": "FGSM",
  "num_epochs": 1,
  "defense_type": "output_perturbation",
  "defense_params": {
    "scale": 0.1
  },
  "train_accuracy": 0.91445,
  "val_accuracy": 0.8348,
  "privacy": {
    "conf_threshold": {
      "accuracy": 0.5,
      "tpr": 0.0,
      "fpr": 0.0,
      "advantage": 0.0,
      "precision": 0.0,
      "recall": 0.0,
      "f1": 0.0
    },
    "logits_threshold": {
      "accuracy": 0.5,
      "tpr": 0.0,
      "fpr": 0.0,
      "advantage": 0.0,
      "precision": 0.0,
      "recall": 0.0,
      "f1": 0.0
    },
    "modified_entropy": {
      "accuracy": 0.5986328125,
      "tpr": 0.8320312499998375,
      "fpr": 0.634765624999876,
      "advantage": 0.19726562499996148,
      "precision": 0.5672436750997912,
      "recall": 0.8320312499998375,
      "f1": 0.6745843230402732
    }
  },
  "robustness": {
    "benign_accuracy": 0.9025,
    "adversarial_accuracy": 0.495,
    "robustness_drop": 0.4075
  },
  "elapsed_time": 2.08847713470459,
  "status": "success"
}