{
  "experiment_id": "FGSM_ep3_output_perturbation_scale0.5",
  "timestamp": "2025-11-11T01:36:18.759480",
  "finetune_type": "FGSM",
  "num_epochs": 3,
  "defense_type": "output_perturbation",
  "defense_params": {
    "scale": 0.5
  },
  "train_accuracy": 0.8942,
  "val_accuracy": 0.8126,
  "privacy": {
    "conf_threshold": {
      "accuracy": 0.5,
      "tpr": 0.0,
      "fpr": 0.0,
      "advantage": 0.0,
      "precision": 0.0,
      "recall": 0.0,
      "f1": 0.0
    },
    "logits_threshold": {
      "accuracy": 0.5,
      "tpr": 0.0,
      "fpr": 0.0,
      "advantage": 0.0,
      "precision": 0.0,
      "recall": 0.0,
      "f1": 0.0
    },
    "modified_entropy": {
      "accuracy": 0.5771484375,
      "tpr": 0.7246093749998584,
      "fpr": 0.5703124999998885,
      "advantage": 0.1542968749999699,
      "precision": 0.5595776772246516,
      "recall": 0.7246093749998584,
      "f1": 0.6314893617020201
    }
  },
  "robustness": {
    "benign_accuracy": 0.8975,
    "adversarial_accuracy": 0.6575,
    "robustness_drop": 0.24
  },
  "elapsed_time": 4.917730808258057,
  "status": "success"
}