{
  "experiment_id": "FGSM_ep7_input_perturbation_sigma0.5",
  "timestamp": "2025-11-11T01:45:10.261998",
  "finetune_type": "FGSM",
  "num_epochs": 7,
  "defense_type": "input_perturbation",
  "defense_params": {
    "sigma": 0.5
  },
  "train_accuracy": 0.34455,
  "val_accuracy": 0.336,
  "privacy": {
    "conf_threshold": {
      "accuracy": 0.5,
      "tpr": 0.0,
      "fpr": 0.0,
      "advantage": 0.0,
      "precision": 0.0,
      "recall": 0.0,
      "f1": 0.0
    },
    "logits_threshold": {
      "accuracy": 0.5,
      "tpr": 0.0,
      "fpr": 0.0,
      "advantage": 0.0,
      "precision": 0.0,
      "recall": 0.0,
      "f1": 0.0
    },
    "modified_entropy": {
      "accuracy": 0.5283203125,
      "tpr": 0.6523437499998725,
      "fpr": 0.5957031249998836,
      "advantage": 0.0566406249999889,
      "precision": 0.5226917057902155,
      "recall": 0.6523437499998725,
      "f1": 0.5803649000867801
    }
  },
  "robustness": {
    "benign_accuracy": 0.3275,
    "adversarial_accuracy": 0.2825,
    "robustness_drop": 0.04500000000000004
  },
  "elapsed_time": 10.665266513824463,
  "status": "success"
}