{
  "experiment_id": "FGSM_ep3_response_limited_topk_top_k5",
  "timestamp": "2025-11-11T01:38:13.544278",
  "finetune_type": "FGSM",
  "num_epochs": 3,
  "defense_type": "response_limited_topk",
  "defense_params": {
    "top_k": 5
  },
  "train_accuracy": 0.92365,
  "val_accuracy": 0.8444,
  "privacy": {
    "conf_threshold": {
      "accuracy": 0.5,
      "tpr": 0.0,
      "fpr": 0.0,
      "advantage": 0.0,
      "precision": 0.0,
      "recall": 0.0,
      "f1": 0.0
    },
    "logits_threshold": {
      "accuracy": 0.5,
      "tpr": 0.0,
      "fpr": 0.0,
      "advantage": 0.0,
      "precision": 0.0,
      "recall": 0.0,
      "f1": 0.0
    },
    "modified_entropy": {
      "accuracy": 0.576171875,
      "tpr": 0.9023437499998237,
      "fpr": 0.7499999999998535,
      "advantage": 0.15234374999997025,
      "precision": 0.5460992907800772,
      "recall": 0.9023437499998237,
      "f1": 0.6804123711339204
    }
  },
  "robustness": {
    "benign_accuracy": 0.9225,
    "adversarial_accuracy": 0.66,
    "robustness_drop": 0.26249999999999996
  },
  "elapsed_time": 4.983709812164307,
  "status": "success"
}