{
  "experiment_id": "FGSM_ep7_test_time_augmentation_num_augmentations3",
  "timestamp": "2025-11-11T01:45:42.653155",
  "finetune_type": "FGSM",
  "num_epochs": 7,
  "defense_type": "test_time_augmentation",
  "defense_params": {
    "num_augmentations": 3
  },
  "train_accuracy": 0.88235,
  "val_accuracy": 0.8038,
  "privacy": {
    "conf_threshold": {
      "accuracy": 0.5,
      "tpr": 0.0,
      "fpr": 0.0,
      "advantage": 0.0,
      "precision": 0.0,
      "recall": 0.0,
      "f1": 0.0
    },
    "logits_threshold": {
      "accuracy": 0.5,
      "tpr": 0.0,
      "fpr": 0.0,
      "advantage": 0.0,
      "precision": 0.0,
      "recall": 0.0,
      "f1": 0.0
    },
    "modified_entropy": {
      "accuracy": 0.5576171875,
      "tpr": 0.8164062499998405,
      "fpr": 0.701171874999863,
      "advantage": 0.11523437499997746,
      "precision": 0.5379665379664686,
      "recall": 0.8164062499998405,
      "f1": 0.6485647788982701
    }
  },
  "robustness": {
    "benign_accuracy": 0.855,
    "adversarial_accuracy": 0.785,
    "robustness_drop": 0.06999999999999995
  },
  "elapsed_time": 11.166409492492676,
  "status": "success"
}