{
  "experiment_id": "FGSM_ep7_none_",
  "timestamp": "2025-11-11T01:43:24.129143",
  "finetune_type": "FGSM",
  "num_epochs": 7,
  "defense_type": "none",
  "defense_params": {},
  "train_accuracy": 0.9432,
  "val_accuracy": 0.8434,
  "privacy": {
    "conf_threshold": {
      "accuracy": 0.5,
      "tpr": 0.0,
      "fpr": 0.0,
      "advantage": 0.0,
      "precision": 0.0,
      "recall": 0.0,
      "f1": 0.0
    },
    "logits_threshold": {
      "accuracy": 0.5,
      "tpr": 0.0,
      "fpr": 0.0,
      "advantage": 0.0,
      "precision": 0.0,
      "recall": 0.0,
      "f1": 0.0
    },
    "modified_entropy": {
      "accuracy": 0.546875,
      "tpr": 0.9277343749998187,
      "fpr": 0.833984374999837,
      "advantage": 0.09374999999998168,
      "precision": 0.5266075388026024,
      "recall": 0.9277343749998187,
      "f1": 0.6718528995755768
    }
  },
  "robustness": {
    "benign_accuracy": 0.92,
    "adversarial_accuracy": 0.73,
    "robustness_drop": 0.19000000000000006
  },
  "elapsed_time": 10.577941417694092,
  "status": "success"
}