{
  "experiment_id": "FGSM_ep3_test_time_augmentation_num_augmentations7",
  "timestamp": "2025-11-11T01:37:11.693968",
  "finetune_type": "FGSM",
  "num_epochs": 3,
  "defense_type": "test_time_augmentation",
  "defense_params": {
    "num_augmentations": 7
  },
  "train_accuracy": 0.87395,
  "val_accuracy": 0.798,
  "privacy": {
    "conf_threshold": {
      "accuracy": 0.5,
      "tpr": 0.0,
      "fpr": 0.0,
      "advantage": 0.0,
      "precision": 0.0,
      "recall": 0.0,
      "f1": 0.0
    },
    "logits_threshold": {
      "accuracy": 0.5,
      "tpr": 0.0,
      "fpr": 0.0,
      "advantage": 0.0,
      "precision": 0.0,
      "recall": 0.0,
      "f1": 0.0
    },
    "modified_entropy": {
      "accuracy": 0.55859375,
      "tpr": 0.6269531249998775,
      "fpr": 0.5097656249999004,
      "advantage": 0.11718749999997713,
      "precision": 0.5515463917524825,
      "recall": 0.6269531249998775,
      "f1": 0.5868372943326167
    }
  },
  "robustness": {
    "benign_accuracy": 0.8875,
    "adversarial_accuracy": 0.77,
    "robustness_drop": 0.11749999999999994
  },
  "elapsed_time": 6.735334634780884,
  "status": "success"
}