{
  "experiment_id": "FGSM_ep10_temperature_scaled_temp2.0",
  "timestamp": "2025-11-11T01:54:23.887514",
  "finetune_type": "FGSM",
  "num_epochs": 10,
  "defense_type": "temperature_scaled",
  "defense_params": {
    "temp": 2.0
  },
  "train_accuracy": 0.9462,
  "val_accuracy": 0.8298,
  "privacy": {
    "conf_threshold": {
      "accuracy": 0.5,
      "tpr": 0.0,
      "fpr": 0.0,
      "advantage": 0.0,
      "precision": 0.0,
      "recall": 0.0,
      "f1": 0.0
    },
    "logits_threshold": {
      "accuracy": 0.5,
      "tpr": 0.0,
      "fpr": 0.0,
      "advantage": 0.0,
      "precision": 0.0,
      "recall": 0.0,
      "f1": 0.0
    },
    "modified_entropy": {
      "accuracy": 0.5166015625,
      "tpr": 0.05664062499998893,
      "fpr": 0.02343749999999542,
      "advantage": 0.03320312499999351,
      "precision": 0.7073170731690065,
      "recall": 0.05664062499998893,
      "f1": 0.10488245931280113
    }
  },
  "robustness": {
    "benign_accuracy": 0.915,
    "adversarial_accuracy": 0.7725,
    "robustness_drop": 0.14250000000000007
  },
  "elapsed_time": 14.817618131637573,
  "status": "success"
}