{
  "experiment_id": "FGSM_ep3_output_perturbation_scale0.05",
  "timestamp": "2025-11-11T01:35:59.020979",
  "finetune_type": "FGSM",
  "num_epochs": 3,
  "defense_type": "output_perturbation",
  "defense_params": {
    "scale": 0.05
  },
  "train_accuracy": 0.91845,
  "val_accuracy": 0.8408,
  "privacy": {
    "conf_threshold": {
      "accuracy": 0.5,
      "tpr": 0.0,
      "fpr": 0.0,
      "advantage": 0.0,
      "precision": 0.0,
      "recall": 0.0,
      "f1": 0.0
    },
    "logits_threshold": {
      "accuracy": 0.5,
      "tpr": 0.0,
      "fpr": 0.0,
      "advantage": 0.0,
      "precision": 0.0,
      "recall": 0.0,
      "f1": 0.0
    },
    "modified_entropy": {
      "accuracy": 0.583984375,
      "tpr": 0.76757812499985,
      "fpr": 0.5996093749998829,
      "advantage": 0.16796874999996714,
      "precision": 0.5614285714284912,
      "recall": 0.76757812499985,
      "f1": 0.6485148514850414
    }
  },
  "robustness": {
    "benign_accuracy": 0.915,
    "adversarial_accuracy": 0.6675,
    "robustness_drop": 0.24750000000000005
  },
  "elapsed_time": 4.919124603271484,
  "status": "success"
}