{
  "experiment_id": "FGSM_ep3_input_perturbation_sigma0.1",
  "timestamp": "2025-11-11T01:36:33.618498",
  "finetune_type": "FGSM",
  "num_epochs": 3,
  "defense_type": "input_perturbation",
  "defense_params": {
    "sigma": 0.1
  },
  "train_accuracy": 0.90265,
  "val_accuracy": 0.8252,
  "privacy": {
    "conf_threshold": {
      "accuracy": 0.5,
      "tpr": 0.0,
      "fpr": 0.0,
      "advantage": 0.0,
      "precision": 0.0,
      "recall": 0.0,
      "f1": 0.0
    },
    "logits_threshold": {
      "accuracy": 0.5,
      "tpr": 0.0,
      "fpr": 0.0,
      "advantage": 0.0,
      "precision": 0.0,
      "recall": 0.0,
      "f1": 0.0
    },
    "modified_entropy": {
      "accuracy": 0.5703125,
      "tpr": 0.7597656249998516,
      "fpr": 0.619140624999879,
      "advantage": 0.14062499999997258,
      "precision": 0.5509915014163526,
      "recall": 0.7597656249998516,
      "f1": 0.6387520525450511
    }
  },
  "robustness": {
    "benign_accuracy": 0.895,
    "adversarial_accuracy": 0.71,
    "robustness_drop": 0.18500000000000005
  },
  "elapsed_time": 4.926057815551758,
  "status": "success"
}