{
  "experiment_id": "FGSM_ep7_response_limited_topk_top_k5",
  "timestamp": "2025-11-11T01:48:16.745921",
  "finetune_type": "FGSM",
  "num_epochs": 7,
  "defense_type": "response_limited_topk",
  "defense_params": {
    "top_k": 5
  },
  "train_accuracy": 0.94315,
  "val_accuracy": 0.842,
  "privacy": {
    "conf_threshold": {
      "accuracy": 0.5,
      "tpr": 0.0,
      "fpr": 0.0,
      "advantage": 0.0,
      "precision": 0.0,
      "recall": 0.0,
      "f1": 0.0
    },
    "logits_threshold": {
      "accuracy": 0.5,
      "tpr": 0.0,
      "fpr": 0.0,
      "advantage": 0.0,
      "precision": 0.0,
      "recall": 0.0,
      "f1": 0.0
    },
    "modified_entropy": {
      "accuracy": 0.541015625,
      "tpr": 0.9628906249998118,
      "fpr": 0.8808593749998279,
      "advantage": 0.0820312499999839,
      "precision": 0.5222457627118091,
      "recall": 0.9628906249998118,
      "f1": 0.6771978021977091
    }
  },
  "robustness": {
    "benign_accuracy": 0.9225,
    "adversarial_accuracy": 0.715,
    "robustness_drop": 0.20750000000000002
  },
  "elapsed_time": 10.647955894470215,
  "status": "success"
}