{
  "experiment_id": "FGSM_ep10_adaptive_noise_alpha0.5",
  "timestamp": "2025-11-11T01:57:22.338184",
  "finetune_type": "FGSM",
  "num_epochs": 10,
  "defense_type": "adaptive_noise",
  "defense_params": {
    "alpha": 0.5
  },
  "train_accuracy": 0.9453,
  "val_accuracy": 0.8322,
  "privacy": {
    "conf_threshold": {
      "accuracy": 0.5,
      "tpr": 0.0,
      "fpr": 0.0,
      "advantage": 0.0,
      "precision": 0.0,
      "recall": 0.0,
      "f1": 0.0
    },
    "logits_threshold": {
      "accuracy": 0.5,
      "tpr": 0.0,
      "fpr": 0.0,
      "advantage": 0.0,
      "precision": 0.0,
      "recall": 0.0,
      "f1": 0.0
    },
    "modified_entropy": {
      "accuracy": 0.5595703125,
      "tpr": 0.9296874999998184,
      "fpr": 0.8105468749998416,
      "advantage": 0.1191406249999768,
      "precision": 0.5342312008978076,
      "recall": 0.9296874999998184,
      "f1": 0.678545972915085
    }
  },
  "robustness": {
    "benign_accuracy": 0.9025,
    "adversarial_accuracy": 0.7475,
    "robustness_drop": 0.15499999999999992
  },
  "elapsed_time": 14.912006139755249,
  "status": "success"
}