{
  "experiment_id": "FGSM_ep3_temperature_scaled_temp1.5",
  "timestamp": "2025-11-11T01:37:29.065759",
  "finetune_type": "FGSM",
  "num_epochs": 3,
  "defense_type": "temperature_scaled",
  "defense_params": {
    "temp": 1.5
  },
  "train_accuracy": 0.927,
  "val_accuracy": 0.845,
  "privacy": {
    "conf_threshold": {
      "accuracy": 0.5,
      "tpr": 0.0,
      "fpr": 0.0,
      "advantage": 0.0,
      "precision": 0.0,
      "recall": 0.0,
      "f1": 0.0
    },
    "logits_threshold": {
      "accuracy": 0.5,
      "tpr": 0.0,
      "fpr": 0.0,
      "advantage": 0.0,
      "precision": 0.0,
      "recall": 0.0,
      "f1": 0.0
    },
    "modified_entropy": {
      "accuracy": 0.5400390625,
      "tpr": 0.296874999999942,
      "fpr": 0.21679687499995764,
      "advantage": 0.08007812499998435,
      "precision": 0.5779467680606167,
      "recall": 0.296874999999942,
      "f1": 0.3922580645160278
    }
  },
  "robustness": {
    "benign_accuracy": 0.925,
    "adversarial_accuracy": 0.64,
    "robustness_drop": 0.28500000000000003
  },
  "elapsed_time": 4.911813497543335,
  "status": "success"
}