{
  "experiment_id": "FGSM_ep5_output_perturbation_scale0.5",
  "timestamp": "2025-11-11T01:39:29.739488",
  "finetune_type": "FGSM",
  "num_epochs": 5,
  "defense_type": "output_perturbation",
  "defense_params": {
    "scale": 0.5
  },
  "train_accuracy": 0.926,
  "val_accuracy": 0.8356,
  "privacy": {
    "conf_threshold": {
      "accuracy": 0.5,
      "tpr": 0.0,
      "fpr": 0.0,
      "advantage": 0.0,
      "precision": 0.0,
      "recall": 0.0,
      "f1": 0.0
    },
    "logits_threshold": {
      "accuracy": 0.5,
      "tpr": 0.0,
      "fpr": 0.0,
      "advantage": 0.0,
      "precision": 0.0,
      "recall": 0.0,
      "f1": 0.0
    },
    "modified_entropy": {
      "accuracy": 0.5634765625,
      "tpr": 0.890624999999826,
      "fpr": 0.7636718749998508,
      "advantage": 0.12695312499997524,
      "precision": 0.5383707201888385,
      "recall": 0.890624999999826,
      "f1": 0.6710816777040954
    }
  },
  "robustness": {
    "benign_accuracy": 0.905,
    "adversarial_accuracy": 0.695,
    "robustness_drop": 0.21000000000000008
  },
  "elapsed_time": 7.73888373374939,
  "status": "success"
}