{
  "experiment_id": "FGSM_ep1_response_limited_topk_top_k5",
  "timestamp": "2025-11-11T01:35:36.551510",
  "finetune_type": "FGSM",
  "num_epochs": 1,
  "defense_type": "response_limited_topk",
  "defense_params": {
    "top_k": 5
  },
  "train_accuracy": 0.9089,
  "val_accuracy": 0.8272,
  "privacy": {
    "conf_threshold": {
      "accuracy": 0.5,
      "tpr": 0.0,
      "fpr": 0.0,
      "advantage": 0.0,
      "precision": 0.0,
      "recall": 0.0,
      "f1": 0.0
    },
    "logits_threshold": {
      "accuracy": 0.5,
      "tpr": 0.0,
      "fpr": 0.0,
      "advantage": 0.0,
      "precision": 0.0,
      "recall": 0.0,
      "f1": 0.0
    },
    "modified_entropy": {
      "accuracy": 0.5966796875,
      "tpr": 0.8437499999998351,
      "fpr": 0.6503906249998729,
      "advantage": 0.19335937499996225,
      "precision": 0.5647058823528673,
      "recall": 0.8437499999998351,
      "f1": 0.6765857478464092
    }
  },
  "robustness": {
    "benign_accuracy": 0.9,
    "adversarial_accuracy": 0.5225,
    "robustness_drop": 0.37750000000000006
  },
  "elapsed_time": 2.0946872234344482,
  "status": "success"
}