{
  "experiment_id": "FGSM_ep7_input_perturbation_sigma0.2",
  "timestamp": "2025-11-11T01:44:59.595023",
  "finetune_type": "FGSM",
  "num_epochs": 7,
  "defense_type": "input_perturbation",
  "defense_params": {
    "sigma": 0.2
  },
  "train_accuracy": 0.8289,
  "val_accuracy": 0.7476,
  "privacy": {
    "conf_threshold": {
      "accuracy": 0.5,
      "tpr": 0.0,
      "fpr": 0.0,
      "advantage": 0.0,
      "precision": 0.0,
      "recall": 0.0,
      "f1": 0.0
    },
    "logits_threshold": {
      "accuracy": 0.5,
      "tpr": 0.0,
      "fpr": 0.0,
      "advantage": 0.0,
      "precision": 0.0,
      "recall": 0.0,
      "f1": 0.0
    },
    "modified_entropy": {
      "accuracy": 0.533203125,
      "tpr": 0.7578124999998519,
      "fpr": 0.6914062499998649,
      "advantage": 0.06640624999998701,
      "precision": 0.5229110512128675,
      "recall": 0.7578124999998519,
      "f1": 0.6188197767144148
    }
  },
  "robustness": {
    "benign_accuracy": 0.8125,
    "adversarial_accuracy": 0.7125,
    "robustness_drop": 0.09999999999999998
  },
  "elapsed_time": 10.580034494400024,
  "status": "success"
}