{
  "experiment_id": "FGSM_ep10_adaptive_noise_alpha0.1",
  "timestamp": "2025-11-11T01:56:52.586344",
  "finetune_type": "FGSM",
  "num_epochs": 10,
  "defense_type": "adaptive_noise",
  "defense_params": {
    "alpha": 0.1
  },
  "train_accuracy": 0.9468,
  "val_accuracy": 0.8306,
  "privacy": {
    "conf_threshold": {
      "accuracy": 0.5,
      "tpr": 0.0,
      "fpr": 0.0,
      "advantage": 0.0,
      "precision": 0.0,
      "recall": 0.0,
      "f1": 0.0
    },
    "logits_threshold": {
      "accuracy": 0.5,
      "tpr": 0.0,
      "fpr": 0.0,
      "advantage": 0.0,
      "precision": 0.0,
      "recall": 0.0,
      "f1": 0.0
    },
    "modified_entropy": {
      "accuracy": 0.5537109375,
      "tpr": 0.9277343749998187,
      "fpr": 0.8203124999998397,
      "advantage": 0.10742187499997902,
      "precision": 0.5307262569831809,
      "recall": 0.9277343749998187,
      "f1": 0.6751954513147583
    }
  },
  "robustness": {
    "benign_accuracy": 0.91,
    "adversarial_accuracy": 0.77,
    "robustness_drop": 0.14
  },
  "elapsed_time": 14.91641116142273,
  "status": "success"
}