{
  "experiment_id": "FGSM_ep10_response_limited_topk_top_k5",
  "timestamp": "2025-11-11T01:56:22.783806",
  "finetune_type": "FGSM",
  "num_epochs": 10,
  "defense_type": "response_limited_topk",
  "defense_params": {
    "top_k": 5
  },
  "train_accuracy": 0.9465,
  "val_accuracy": 0.8292,
  "privacy": {
    "conf_threshold": {
      "accuracy": 0.5,
      "tpr": 0.0,
      "fpr": 0.0,
      "advantage": 0.0,
      "precision": 0.0,
      "recall": 0.0,
      "f1": 0.0
    },
    "logits_threshold": {
      "accuracy": 0.5,
      "tpr": 0.0,
      "fpr": 0.0,
      "advantage": 0.0,
      "precision": 0.0,
      "recall": 0.0,
      "f1": 0.0
    },
    "modified_entropy": {
      "accuracy": 0.5419921875,
      "tpr": 0.9628906249998118,
      "fpr": 0.8789062499998282,
      "advantage": 0.08398437499998357,
      "precision": 0.5227995758217897,
      "recall": 0.9628906249998118,
      "f1": 0.6776632302404566
    }
  },
  "robustness": {
    "benign_accuracy": 0.9075,
    "adversarial_accuracy": 0.7675,
    "robustness_drop": 0.14
  },
  "elapsed_time": 14.833451986312866,
  "status": "success"
}