{
  "experiment_id": "FGSM_ep10_response_limited_topk_top_k4",
  "timestamp": "2025-11-11T01:56:07.948606",
  "finetune_type": "FGSM",
  "num_epochs": 10,
  "defense_type": "response_limited_topk",
  "defense_params": {
    "top_k": 4
  },
  "train_accuracy": 0.94735,
  "val_accuracy": 0.8328,
  "privacy": {
    "conf_threshold": {
      "accuracy": 0.5,
      "tpr": 0.0,
      "fpr": 0.0,
      "advantage": 0.0,
      "precision": 0.0,
      "recall": 0.0,
      "f1": 0.0
    },
    "logits_threshold": {
      "accuracy": 0.5,
      "tpr": 0.0,
      "fpr": 0.0,
      "advantage": 0.0,
      "precision": 0.0,
      "recall": 0.0,
      "f1": 0.0
    },
    "modified_entropy": {
      "accuracy": 0.53515625,
      "tpr": 0.9746093749998096,
      "fpr": 0.9042968749998233,
      "advantage": 0.07031249999998634,
      "precision": 0.5187110187109648,
      "recall": 0.9746093749998096,
      "f1": 0.6770691994571673
    }
  },
  "robustness": {
    "benign_accuracy": 0.905,
    "adversarial_accuracy": 0.7525,
    "robustness_drop": 0.15250000000000008
  },
  "elapsed_time": 14.902462244033813,
  "status": "success"
}