{
  "experiment_id": "FGSM_ep3_test_time_augmentation_num_augmentations3",
  "timestamp": "2025-11-11T01:36:58.871819",
  "finetune_type": "FGSM",
  "num_epochs": 3,
  "defense_type": "test_time_augmentation",
  "defense_params": {
    "num_augmentations": 3
  },
  "train_accuracy": 0.86665,
  "val_accuracy": 0.7968,
  "privacy": {
    "conf_threshold": {
      "accuracy": 0.5,
      "tpr": 0.0,
      "fpr": 0.0,
      "advantage": 0.0,
      "precision": 0.0,
      "recall": 0.0,
      "f1": 0.0
    },
    "logits_threshold": {
      "accuracy": 0.5,
      "tpr": 0.0,
      "fpr": 0.0,
      "advantage": 0.0,
      "precision": 0.0,
      "recall": 0.0,
      "f1": 0.0
    },
    "modified_entropy": {
      "accuracy": 0.587890625,
      "tpr": 0.7499999999998535,
      "fpr": 0.5742187499998878,
      "advantage": 0.1757812499999657,
      "precision": 0.5663716814158456,
      "recall": 0.7499999999998535,
      "f1": 0.6453781512603957
    }
  },
  "robustness": {
    "benign_accuracy": 0.89,
    "adversarial_accuracy": 0.7475,
    "robustness_drop": 0.14249999999999996
  },
  "elapsed_time": 5.499154090881348,
  "status": "success"
}