{
  "experiment_id": "FGSM_ep10_test_time_augmentation_num_augmentations3",
  "timestamp": "2025-11-11T01:52:49.218214",
  "finetune_type": "FGSM",
  "num_epochs": 10,
  "defense_type": "test_time_augmentation",
  "defense_params": {
    "num_augmentations": 3
  },
  "train_accuracy": 0.87555,
  "val_accuracy": 0.79,
  "privacy": {
    "conf_threshold": {
      "accuracy": 0.5,
      "tpr": 0.0,
      "fpr": 0.0,
      "advantage": 0.0,
      "precision": 0.0,
      "recall": 0.0,
      "f1": 0.0
    },
    "logits_threshold": {
      "accuracy": 0.5,
      "tpr": 0.0,
      "fpr": 0.0,
      "advantage": 0.0,
      "precision": 0.0,
      "recall": 0.0,
      "f1": 0.0
    },
    "modified_entropy": {
      "accuracy": 0.556640625,
      "tpr": 0.7871093749998462,
      "fpr": 0.6738281249998683,
      "advantage": 0.1132812499999779,
      "precision": 0.5387700534758638,
      "recall": 0.7871093749998462,
      "f1": 0.6396825396824382
    }
  },
  "robustness": {
    "benign_accuracy": 0.885,
    "adversarial_accuracy": 0.71,
    "robustness_drop": 0.17500000000000004
  },
  "elapsed_time": 15.468091249465942,
  "status": "success"
}