{
  "experiment_id": "FGSM_ep3_input_perturbation_sigma0.5",
  "timestamp": "2025-11-11T01:36:43.457020",
  "finetune_type": "FGSM",
  "num_epochs": 3,
  "defense_type": "input_perturbation",
  "defense_params": {
    "sigma": 0.5
  },
  "train_accuracy": 0.3134,
  "val_accuracy": 0.3076,
  "privacy": {
    "conf_threshold": {
      "accuracy": 0.5,
      "tpr": 0.0,
      "fpr": 0.0,
      "advantage": 0.0,
      "precision": 0.0,
      "recall": 0.0,
      "f1": 0.0
    },
    "logits_threshold": {
      "accuracy": 0.5,
      "tpr": 0.0,
      "fpr": 0.0,
      "advantage": 0.0,
      "precision": 0.0,
      "recall": 0.0,
      "f1": 0.0
    },
    "modified_entropy": {
      "accuracy": 0.470703125,
      "tpr": 0.35742187499993017,
      "fpr": 0.41601562499991873,
      "advantage": -0.058593749999988565,
      "precision": 0.4621212121210954,
      "recall": 0.35742187499993017,
      "f1": 0.40308370044043984
    }
  },
  "robustness": {
    "benign_accuracy": 0.31,
    "adversarial_accuracy": 0.2975,
    "robustness_drop": 0.012500000000000011
  },
  "elapsed_time": 4.9151692390441895,
  "status": "success"
}