{
  "experiment_id": "FGSM_ep3_none_",
  "timestamp": "2025-11-11T01:35:54.100036",
  "finetune_type": "FGSM",
  "num_epochs": 3,
  "defense_type": "none",
  "defense_params": {},
  "train_accuracy": 0.9246,
  "val_accuracy": 0.8458,
  "privacy": {
    "conf_threshold": {
      "accuracy": 0.5,
      "tpr": 0.0,
      "fpr": 0.0,
      "advantage": 0.0,
      "precision": 0.0,
      "recall": 0.0,
      "f1": 0.0
    },
    "logits_threshold": {
      "accuracy": 0.5,
      "tpr": 0.0,
      "fpr": 0.0,
      "advantage": 0.0,
      "precision": 0.0,
      "recall": 0.0,
      "f1": 0.0
    },
    "modified_entropy": {
      "accuracy": 0.5859375,
      "tpr": 0.8574218749998325,
      "fpr": 0.685546874999866,
      "advantage": 0.17187499999996647,
      "precision": 0.5556962025315751,
      "recall": 0.8574218749998325,
      "f1": 0.6743471582180224
    }
  },
  "robustness": {
    "benign_accuracy": 0.92,
    "adversarial_accuracy": 0.665,
    "robustness_drop": 0.255
  },
  "elapsed_time": 4.910508155822754,
  "status": "success"
}