{
  "experiment_id": "FGSM_ep10_output_perturbation_scale0.5",
  "timestamp": "2025-11-11T01:50:49.633847",
  "finetune_type": "FGSM",
  "num_epochs": 10,
  "defense_type": "output_perturbation",
  "defense_params": {
    "scale": 0.5
  },
  "train_accuracy": 0.93965,
  "val_accuracy": 0.8226,
  "privacy": {
    "conf_threshold": {
      "accuracy": 0.5,
      "tpr": 0.0,
      "fpr": 0.0,
      "advantage": 0.0,
      "precision": 0.0,
      "recall": 0.0,
      "f1": 0.0
    },
    "logits_threshold": {
      "accuracy": 0.5,
      "tpr": 0.0,
      "fpr": 0.0,
      "advantage": 0.0,
      "precision": 0.0,
      "recall": 0.0,
      "f1": 0.0
    },
    "modified_entropy": {
      "accuracy": 0.5634765625,
      "tpr": 0.9082031249998226,
      "fpr": 0.7812499999998473,
      "advantage": 0.12695312499997524,
      "precision": 0.537572254335198,
      "recall": 0.9082031249998226,
      "f1": 0.6753812636164596
    }
  },
  "robustness": {
    "benign_accuracy": 0.9025,
    "adversarial_accuracy": 0.7525,
    "robustness_drop": 0.15000000000000002
  },
  "elapsed_time": 14.88112759590149,
  "status": "success"
}