{
  "experiment_id": "FGSM_ep10_output_perturbation_scale0.05",
  "timestamp": "2025-11-11T01:49:50.133711",
  "finetune_type": "FGSM",
  "num_epochs": 10,
  "defense_type": "output_perturbation",
  "defense_params": {
    "scale": 0.05
  },
  "train_accuracy": 0.94745,
  "val_accuracy": 0.8344,
  "privacy": {
    "conf_threshold": {
      "accuracy": 0.5,
      "tpr": 0.0,
      "fpr": 0.0,
      "advantage": 0.0,
      "precision": 0.0,
      "recall": 0.0,
      "f1": 0.0
    },
    "logits_threshold": {
      "accuracy": 0.5,
      "tpr": 0.0,
      "fpr": 0.0,
      "advantage": 0.0,
      "precision": 0.0,
      "recall": 0.0,
      "f1": 0.0
    },
    "modified_entropy": {
      "accuracy": 0.5517578125,
      "tpr": 0.9316406249998179,
      "fpr": 0.8281249999998382,
      "advantage": 0.10351562499997968,
      "precision": 0.5294117647058235,
      "recall": 0.9316406249998179,
      "f1": 0.6751592356686942
    }
  },
  "robustness": {
    "benign_accuracy": 0.9075,
    "adversarial_accuracy": 0.7275,
    "robustness_drop": 0.17999999999999994
  },
  "elapsed_time": 14.821420192718506,
  "status": "success"
}