{
  "experiment_id": "FGSM_ep10_adaptive_noise_alpha0.7",
  "timestamp": "2025-11-11T01:57:37.183553",
  "finetune_type": "FGSM",
  "num_epochs": 10,
  "defense_type": "adaptive_noise",
  "defense_params": {
    "alpha": 0.7
  },
  "train_accuracy": 0.94605,
  "val_accuracy": 0.8294,
  "privacy": {
    "conf_threshold": {
      "accuracy": 0.5,
      "tpr": 0.0,
      "fpr": 0.0,
      "advantage": 0.0,
      "precision": 0.0,
      "recall": 0.0,
      "f1": 0.0
    },
    "logits_threshold": {
      "accuracy": 0.5,
      "tpr": 0.0,
      "fpr": 0.0,
      "advantage": 0.0,
      "precision": 0.0,
      "recall": 0.0,
      "f1": 0.0
    },
    "modified_entropy": {
      "accuracy": 0.5556640625,
      "tpr": 0.9179687499998206,
      "fpr": 0.8066406249998423,
      "advantage": 0.11132812499997824,
      "precision": 0.5322763306907664,
      "recall": 0.9179687499998206,
      "f1": 0.673835125447932
    }
  },
  "robustness": {
    "benign_accuracy": 0.905,
    "adversarial_accuracy": 0.7125,
    "robustness_drop": 0.1925
  },
  "elapsed_time": 14.843675136566162,
  "status": "success"
}