{
  "experiment_id": "FGSM_ep5_response_limited_topk_top_k5",
  "timestamp": "2025-11-11T01:42:26.924954",
  "finetune_type": "FGSM",
  "num_epochs": 5,
  "defense_type": "response_limited_topk",
  "defense_params": {
    "top_k": 5
  },
  "train_accuracy": 0.93805,
  "val_accuracy": 0.8488,
  "privacy": {
    "conf_threshold": {
      "accuracy": 0.5,
      "tpr": 0.0,
      "fpr": 0.0,
      "advantage": 0.0,
      "precision": 0.0,
      "recall": 0.0,
      "f1": 0.0
    },
    "logits_threshold": {
      "accuracy": 0.5,
      "tpr": 0.0,
      "fpr": 0.0,
      "advantage": 0.0,
      "precision": 0.0,
      "recall": 0.0,
      "f1": 0.0
    },
    "modified_entropy": {
      "accuracy": 0.5517578125,
      "tpr": 0.9628906249998118,
      "fpr": 0.8593749999998321,
      "advantage": 0.10351562499997968,
      "precision": 0.5284030010717548,
      "recall": 0.9628906249998118,
      "f1": 0.6823529411763761
    }
  },
  "robustness": {
    "benign_accuracy": 0.9225,
    "adversarial_accuracy": 0.6875,
    "robustness_drop": 0.235
  },
  "elapsed_time": 7.808104515075684,
  "status": "success"
}