{
  "experiment_id": "FGSM_ep3_adaptive_noise_alpha0.5",
  "timestamp": "2025-11-11T01:38:33.306543",
  "finetune_type": "FGSM",
  "num_epochs": 3,
  "defense_type": "adaptive_noise",
  "defense_params": {
    "alpha": 0.5
  },
  "train_accuracy": 0.9224,
  "val_accuracy": 0.8408,
  "privacy": {
    "conf_threshold": {
      "accuracy": 0.5,
      "tpr": 0.0,
      "fpr": 0.0,
      "advantage": 0.0,
      "precision": 0.0,
      "recall": 0.0,
      "f1": 0.0
    },
    "logits_threshold": {
      "accuracy": 0.5,
      "tpr": 0.0,
      "fpr": 0.0,
      "advantage": 0.0,
      "precision": 0.0,
      "recall": 0.0,
      "f1": 0.0
    },
    "modified_entropy": {
      "accuracy": 0.5849609375,
      "tpr": 0.8242187499998389,
      "fpr": 0.6542968749998721,
      "advantage": 0.1699218749999668,
      "precision": 0.5574636723909435,
      "recall": 0.8242187499998389,
      "f1": 0.6650906225373262
    }
  },
  "robustness": {
    "benign_accuracy": 0.915,
    "adversarial_accuracy": 0.67,
    "robustness_drop": 0.245
  },
  "elapsed_time": 4.9983861446380615,
  "status": "success"
}