{
  "experiment_id": "FGSM_ep1_adaptive_noise_alpha0.3",
  "timestamp": "2025-11-11T01:35:42.833801",
  "finetune_type": "FGSM",
  "num_epochs": 1,
  "defense_type": "adaptive_noise",
  "defense_params": {
    "alpha": 0.3
  },
  "train_accuracy": 0.91185,
  "val_accuracy": 0.8314,
  "privacy": {
    "conf_threshold": {
      "accuracy": 0.5,
      "tpr": 0.0,
      "fpr": 0.0,
      "advantage": 0.0,
      "precision": 0.0,
      "recall": 0.0,
      "f1": 0.0
    },
    "logits_threshold": {
      "accuracy": 0.5,
      "tpr": 0.0,
      "fpr": 0.0,
      "advantage": 0.0,
      "precision": 0.0,
      "recall": 0.0,
      "f1": 0.0
    },
    "modified_entropy": {
      "accuracy": 0.5869140625,
      "tpr": 0.7499999999998535,
      "fpr": 0.5761718749998874,
      "advantage": 0.17382812499996603,
      "precision": 0.5655375552281936,
      "recall": 0.7499999999998535,
      "f1": 0.6448362720401939
    }
  },
  "robustness": {
    "benign_accuracy": 0.91,
    "adversarial_accuracy": 0.505,
    "robustness_drop": 0.405
  },
  "elapsed_time": 2.097433567047119,
  "status": "success"
}