{
  "experiment_id": "FGSM_ep5_input_perturbation_sigma0.01",
  "timestamp": "2025-11-11T01:39:37.488223",
  "finetune_type": "FGSM",
  "num_epochs": 5,
  "defense_type": "input_perturbation",
  "defense_params": {
    "sigma": 0.01
  },
  "train_accuracy": 0.93605,
  "val_accuracy": 0.8486,
  "privacy": {
    "conf_threshold": {
      "accuracy": 0.5,
      "tpr": 0.0,
      "fpr": 0.0,
      "advantage": 0.0,
      "precision": 0.0,
      "recall": 0.0,
      "f1": 0.0
    },
    "logits_threshold": {
      "accuracy": 0.5,
      "tpr": 0.0,
      "fpr": 0.0,
      "advantage": 0.0,
      "precision": 0.0,
      "recall": 0.0,
      "f1": 0.0
    },
    "modified_entropy": {
      "accuracy": 0.5654296875,
      "tpr": 0.916015624999821,
      "fpr": 0.7851562499998466,
      "advantage": 0.13085937499997446,
      "precision": 0.5384615384614766,
      "recall": 0.916015624999821,
      "f1": 0.6782357194503719
    }
  },
  "robustness": {
    "benign_accuracy": 0.9175,
    "adversarial_accuracy": 0.695,
    "robustness_drop": 0.22250000000000003
  },
  "elapsed_time": 7.746469736099243,
  "status": "success"
}