{
  "experiment_id": "FGSM_ep10_input_perturbation_sigma0.2",
  "timestamp": "2025-11-11T01:51:49.105922",
  "finetune_type": "FGSM",
  "num_epochs": 10,
  "defense_type": "input_perturbation",
  "defense_params": {
    "sigma": 0.2
  },
  "train_accuracy": 0.8381,
  "val_accuracy": 0.7438,
  "privacy": {
    "conf_threshold": {
      "accuracy": 0.5,
      "tpr": 0.0,
      "fpr": 0.0,
      "advantage": 0.0,
      "precision": 0.0,
      "recall": 0.0,
      "f1": 0.0
    },
    "logits_threshold": {
      "accuracy": 0.5,
      "tpr": 0.0,
      "fpr": 0.0,
      "advantage": 0.0,
      "precision": 0.0,
      "recall": 0.0,
      "f1": 0.0
    },
    "modified_entropy": {
      "accuracy": 0.5341796875,
      "tpr": 0.8124999999998412,
      "fpr": 0.7441406249998546,
      "advantage": 0.06835937499998668,
      "precision": 0.5219573400250286,
      "recall": 0.8124999999998412,
      "f1": 0.6355996944231267
    }
  },
  "robustness": {
    "benign_accuracy": 0.8175,
    "adversarial_accuracy": 0.685,
    "robustness_drop": 0.13249999999999995
  },
  "elapsed_time": 14.81726336479187,
  "status": "success"
}