{
  "experiment_id": "FGSM_ep1_adaptive_noise_alpha0.1",
  "timestamp": "2025-11-11T01:35:40.734683",
  "finetune_type": "FGSM",
  "num_epochs": 1,
  "defense_type": "adaptive_noise",
  "defense_params": {
    "alpha": 0.1
  },
  "train_accuracy": 0.91585,
  "val_accuracy": 0.8354,
  "privacy": {
    "conf_threshold": {
      "accuracy": 0.5,
      "tpr": 0.0,
      "fpr": 0.0,
      "advantage": 0.0,
      "precision": 0.0,
      "recall": 0.0,
      "f1": 0.0
    },
    "logits_threshold": {
      "accuracy": 0.5,
      "tpr": 0.0,
      "fpr": 0.0,
      "advantage": 0.0,
      "precision": 0.0,
      "recall": 0.0,
      "f1": 0.0
    },
    "modified_entropy": {
      "accuracy": 0.6005859375,
      "tpr": 0.8613281249998317,
      "fpr": 0.660156249999871,
      "advantage": 0.2011718749999607,
      "precision": 0.566110397946012,
      "recall": 0.8613281249998317,
      "f1": 0.6831913245545029
    }
  },
  "robustness": {
    "benign_accuracy": 0.9075,
    "adversarial_accuracy": 0.4775,
    "robustness_drop": 0.43
  },
  "elapsed_time": 2.086968421936035,
  "status": "success"
}