{
  "experiment_id": "FGSM_ep7_output_perturbation_scale0.1",
  "timestamp": "2025-11-11T01:43:45.318800",
  "finetune_type": "FGSM",
  "num_epochs": 7,
  "defense_type": "output_perturbation",
  "defense_params": {
    "scale": 0.1
  },
  "train_accuracy": 0.9383,
  "val_accuracy": 0.8374,
  "privacy": {
    "conf_threshold": {
      "accuracy": 0.5,
      "tpr": 0.0,
      "fpr": 0.0,
      "advantage": 0.0,
      "precision": 0.0,
      "recall": 0.0,
      "f1": 0.0
    },
    "logits_threshold": {
      "accuracy": 0.5,
      "tpr": 0.0,
      "fpr": 0.0,
      "advantage": 0.0,
      "precision": 0.0,
      "recall": 0.0,
      "f1": 0.0
    },
    "modified_entropy": {
      "accuracy": 0.572265625,
      "tpr": 0.9101562499998221,
      "fpr": 0.7656249999998505,
      "advantage": 0.1445312499999717,
      "precision": 0.5431235431234798,
      "recall": 0.9101562499998221,
      "f1": 0.6802919708028203
    }
  },
  "robustness": {
    "benign_accuracy": 0.92,
    "adversarial_accuracy": 0.765,
    "robustness_drop": 0.15500000000000003
  },
  "elapsed_time": 10.559109449386597,
  "status": "success"
}