{
  "experiment_id": "FGSM_ep1_test_time_augmentation_num_augmentations7",
  "timestamp": "2025-11-11T01:35:08.678225",
  "finetune_type": "FGSM",
  "num_epochs": 1,
  "defense_type": "test_time_augmentation",
  "defense_params": {
    "num_augmentations": 7
  },
  "train_accuracy": 0.8746,
  "val_accuracy": 0.8084,
  "privacy": {
    "conf_threshold": {
      "accuracy": 0.5,
      "tpr": 0.0,
      "fpr": 0.0,
      "advantage": 0.0,
      "precision": 0.0,
      "recall": 0.0,
      "f1": 0.0
    },
    "logits_threshold": {
      "accuracy": 0.5,
      "tpr": 0.0,
      "fpr": 0.0,
      "advantage": 0.0,
      "precision": 0.0,
      "recall": 0.0,
      "f1": 0.0
    },
    "modified_entropy": {
      "accuracy": 0.5859375,
      "tpr": 0.7089843749998614,
      "fpr": 0.5371093749998951,
      "advantage": 0.17187499999996636,
      "precision": 0.5689655172412901,
      "recall": 0.7089843749998614,
      "f1": 0.6313043478259771
    }
  },
  "robustness": {
    "benign_accuracy": 0.87,
    "adversarial_accuracy": 0.7025,
    "robustness_drop": 0.16749999999999998
  },
  "elapsed_time": 3.837661027908325,
  "status": "success"
}