{
  "experiment_id": "PGD_ep1_output_perturbation_scale0.3",
  "timestamp": "2025-11-11T00:14:27.546007",
  "finetune_type": "PGD",
  "num_epochs": 1,
  "defense_type": "output_perturbation",
  "defense_params": {
    "scale": 0.3
  },
  "train_accuracy": 0.6009,
  "val_accuracy": 0.5766,
  "privacy": {
    "conf_threshold": {
      "accuracy": 0.5,
      "tpr": 0.0,
      "fpr": 0.0,
      "advantage": 0.0,
      "precision": 0.0,
      "recall": 0.0,
      "f1": 0.0
    },
    "logits_threshold": {
      "accuracy": 0.5,
      "tpr": 0.0,
      "fpr": 0.0,
      "advantage": 0.0,
      "precision": 0.0,
      "recall": 0.0,
      "f1": 0.0
    },
    "modified_entropy": {
      "accuracy": 0.517578125,
      "tpr": 0.17187499999996642,
      "fpr": 0.1367187499999733,
      "advantage": 0.03515624999999312,
      "precision": 0.5569620253161033,
      "recall": 0.17187499999996642,
      "f1": 0.2626865671641007
    }
  },
  "robustness": {
    "benign_accuracy": 0.6125,
    "adversarial_accuracy": 0.515,
    "robustness_drop": 0.09750000000000003
  },
  "elapsed_time": 5.829770565032959,
  "status": "success"
}