{
  "experiment_id": "PGD_ep3_input_perturbation_sigma0.2",
  "timestamp": "2025-11-11T00:20:10.781165",
  "finetune_type": "PGD",
  "num_epochs": 3,
  "defense_type": "input_perturbation",
  "defense_params": {
    "sigma": 0.2
  },
  "train_accuracy": 0.65715,
  "val_accuracy": 0.6278,
  "privacy": {
    "conf_threshold": {
      "accuracy": 0.5,
      "tpr": 0.0,
      "fpr": 0.0,
      "advantage": 0.0,
      "precision": 0.0,
      "recall": 0.0,
      "f1": 0.0
    },
    "logits_threshold": {
      "accuracy": 0.5,
      "tpr": 0.0,
      "fpr": 0.0,
      "advantage": 0.0,
      "precision": 0.0,
      "recall": 0.0,
      "f1": 0.0
    },
    "modified_entropy": {
      "accuracy": 0.515625,
      "tpr": 0.4023437499999214,
      "fpr": 0.3710937499999275,
      "advantage": 0.031249999999993894,
      "precision": 0.5202020202018889,
      "recall": 0.4023437499999214,
      "f1": 0.45374449339197054
    }
  },
  "robustness": {
    "benign_accuracy": 0.6775,
    "adversarial_accuracy": 0.6125,
    "robustness_drop": 0.06499999999999995
  },
  "elapsed_time": 16.186761379241943,
  "status": "success"
}