{
  "experiment_id": "PGD_ep7_temperature_scaled_temp1.0",
  "timestamp": "2025-11-11T00:53:15.980681",
  "finetune_type": "PGD",
  "num_epochs": 7,
  "defense_type": "temperature_scaled",
  "defense_params": {
    "temp": 1.0
  },
  "train_accuracy": 0.61935,
  "val_accuracy": 0.5812,
  "privacy": {
    "conf_threshold": {
      "accuracy": 0.5,
      "tpr": 0.0,
      "fpr": 0.0,
      "advantage": 0.0,
      "precision": 0.0,
      "recall": 0.0,
      "f1": 0.0
    },
    "logits_threshold": {
      "accuracy": 0.5,
      "tpr": 0.0,
      "fpr": 0.0,
      "advantage": 0.0,
      "precision": 0.0,
      "recall": 0.0,
      "f1": 0.0
    },
    "modified_entropy": {
      "accuracy": 0.513671875,
      "tpr": 0.4628906249999096,
      "fpr": 0.4355468749999149,
      "advantage": 0.02734374999999467,
      "precision": 0.5152173913042358,
      "recall": 0.4628906249999096,
      "f1": 0.487654320987554
    }
  },
  "robustness": {
    "benign_accuracy": 0.6475,
    "adversarial_accuracy": 0.6025,
    "robustness_drop": 0.04499999999999993
  },
  "elapsed_time": 36.84001016616821,
  "status": "success"
}