{
  "experiment_id": "PGD_ep7_output_perturbation_scale0.5",
  "timestamp": "2025-11-11T00:45:46.251844",
  "finetune_type": "PGD",
  "num_epochs": 7,
  "defense_type": "output_perturbation",
  "defense_params": {
    "scale": 0.5
  },
  "train_accuracy": 0.61045,
  "val_accuracy": 0.5708,
  "privacy": {
    "conf_threshold": {
      "accuracy": 0.5,
      "tpr": 0.0,
      "fpr": 0.0,
      "advantage": 0.0,
      "precision": 0.0,
      "recall": 0.0,
      "f1": 0.0
    },
    "logits_threshold": {
      "accuracy": 0.5,
      "tpr": 0.0,
      "fpr": 0.0,
      "advantage": 0.0,
      "precision": 0.0,
      "recall": 0.0,
      "f1": 0.0
    },
    "modified_entropy": {
      "accuracy": 0.5283203125,
      "tpr": 0.5058593749999012,
      "fpr": 0.44921874999991224,
      "advantage": 0.05664062499998895,
      "precision": 0.529652351738133,
      "recall": 0.5058593749999012,
      "f1": 0.5174825174824141
    }
  },
  "robustness": {
    "benign_accuracy": 0.6225,
    "adversarial_accuracy": 0.5625,
    "robustness_drop": 0.06000000000000005
  },
  "elapsed_time": 50.89702105522156,
  "status": "success"
}