{
  "experiment_id": "PGD_ep5_output_perturbation_scale0.1",
  "timestamp": "2025-11-11T00:28:04.061027",
  "finetune_type": "PGD",
  "num_epochs": 5,
  "defense_type": "output_perturbation",
  "defense_params": {
    "scale": 0.1
  },
  "train_accuracy": 0.6527,
  "val_accuracy": 0.6224,
  "privacy": {
    "conf_threshold": {
      "accuracy": 0.5,
      "tpr": 0.0,
      "fpr": 0.0,
      "advantage": 0.0,
      "precision": 0.0,
      "recall": 0.0,
      "f1": 0.0
    },
    "logits_threshold": {
      "accuracy": 0.5,
      "tpr": 0.0,
      "fpr": 0.0,
      "advantage": 0.0,
      "precision": 0.0,
      "recall": 0.0,
      "f1": 0.0
    },
    "modified_entropy": {
      "accuracy": 0.513671875,
      "tpr": 0.4140624999999191,
      "fpr": 0.38671874999992445,
      "advantage": 0.02734374999999467,
      "precision": 0.5170731707315812,
      "recall": 0.4140624999999191,
      "f1": 0.45986984815608245
    }
  },
  "robustness": {
    "benign_accuracy": 0.6825,
    "adversarial_accuracy": 0.6125,
    "robustness_drop": 0.06999999999999995
  },
  "elapsed_time": 26.51347064971924,
  "status": "success"
}