{
  "experiment_id": "PGD_ep5_test_time_augmentation_num_augmentations3",
  "timestamp": "2025-11-11T00:32:56.001019",
  "finetune_type": "PGD",
  "num_epochs": 5,
  "defense_type": "test_time_augmentation",
  "defense_params": {
    "num_augmentations": 3
  },
  "train_accuracy": 0.5659,
  "val_accuracy": 0.5638,
  "privacy": {
    "conf_threshold": {
      "accuracy": 0.5,
      "tpr": 0.0,
      "fpr": 0.0,
      "advantage": 0.0,
      "precision": 0.0,
      "recall": 0.0,
      "f1": 0.0
    },
    "logits_threshold": {
      "accuracy": 0.5,
      "tpr": 0.0,
      "fpr": 0.0,
      "advantage": 0.0,
      "precision": 0.0,
      "recall": 0.0,
      "f1": 0.0
    },
    "modified_entropy": {
      "accuracy": 0.509765625,
      "tpr": 0.296874999999942,
      "fpr": 0.2773437499999458,
      "advantage": 0.01953124999999617,
      "precision": 0.5170068027209126,
      "recall": 0.296874999999942,
      "f1": 0.3771712158807997
    }
  },
  "robustness": {
    "benign_accuracy": 0.6325,
    "adversarial_accuracy": 0.575,
    "robustness_drop": 0.057499999999999996
  },
  "elapsed_time": 27.130127429962158,
  "status": "success"
}