{
  "experiment_id": "PGD_ep10_adaptive_noise_alpha0.1",
  "timestamp": "2025-11-11T01:31:01.558481",
  "finetune_type": "PGD",
  "num_epochs": 10,
  "defense_type": "adaptive_noise",
  "defense_params": {
    "alpha": 0.1
  },
  "train_accuracy": 0.5364,
  "val_accuracy": 0.5034,
  "privacy": {
    "conf_threshold": {
      "accuracy": 0.5,
      "tpr": 0.0,
      "fpr": 0.0,
      "advantage": 0.0,
      "precision": 0.0,
      "recall": 0.0,
      "f1": 0.0
    },
    "logits_threshold": {
      "accuracy": 0.5,
      "tpr": 0.0,
      "fpr": 0.0,
      "advantage": 0.0,
      "precision": 0.0,
      "recall": 0.0,
      "f1": 0.0
    },
    "modified_entropy": {
      "accuracy": 0.5419921875,
      "tpr": 0.5468749999998932,
      "fpr": 0.4628906249999096,
      "advantage": 0.08398437499998362,
      "precision": 0.5415860735008623,
      "recall": 0.5468749999998932,
      "f1": 0.5442176870747241
    }
  },
  "robustness": {
    "benign_accuracy": 0.5375,
    "adversarial_accuracy": 0.485,
    "robustness_drop": 0.05249999999999999
  },
  "elapsed_time": 52.48311805725098,
  "status": "success"
}