{
  "experiment_id": "PGD_ep3_output_perturbation_scale0.3",
  "timestamp": "2025-11-11T00:18:49.996699",
  "finetune_type": "PGD",
  "num_epochs": 3,
  "defense_type": "output_perturbation",
  "defense_params": {
    "scale": 0.3
  },
  "train_accuracy": 0.6674,
  "val_accuracy": 0.6382,
  "privacy": {
    "conf_threshold": {
      "accuracy": 0.5,
      "tpr": 0.0,
      "fpr": 0.0,
      "advantage": 0.0,
      "precision": 0.0,
      "recall": 0.0,
      "f1": 0.0
    },
    "logits_threshold": {
      "accuracy": 0.5,
      "tpr": 0.0,
      "fpr": 0.0,
      "advantage": 0.0,
      "precision": 0.0,
      "recall": 0.0,
      "f1": 0.0
    },
    "modified_entropy": {
      "accuracy": 0.505859375,
      "tpr": 0.35546874999993056,
      "fpr": 0.34374999999993283,
      "advantage": 0.011718749999997724,
      "precision": 0.5083798882680144,
      "recall": 0.35546874999993056,
      "f1": 0.41839080459760497
    }
  },
  "robustness": {
    "benign_accuracy": 0.7075,
    "adversarial_accuracy": 0.605,
    "robustness_drop": 0.10250000000000004
  },
  "elapsed_time": 16.2254159450531,
  "status": "success"
}