{
  "experiment_id": "PGD_ep5_output_perturbation_scale0.5",
  "timestamp": "2025-11-11T00:29:23.482083",
  "finetune_type": "PGD",
  "num_epochs": 5,
  "defense_type": "output_perturbation",
  "defense_params": {
    "scale": 0.5
  },
  "train_accuracy": 0.65935,
  "val_accuracy": 0.6214,
  "privacy": {
    "conf_threshold": {
      "accuracy": 0.5,
      "tpr": 0.0,
      "fpr": 0.0,
      "advantage": 0.0,
      "precision": 0.0,
      "recall": 0.0,
      "f1": 0.0
    },
    "logits_threshold": {
      "accuracy": 0.5,
      "tpr": 0.0,
      "fpr": 0.0,
      "advantage": 0.0,
      "precision": 0.0,
      "recall": 0.0,
      "f1": 0.0
    },
    "modified_entropy": {
      "accuracy": 0.5419921875,
      "tpr": 0.5644531249998898,
      "fpr": 0.48046874999990613,
      "advantage": 0.08398437499998362,
      "precision": 0.5401869158877495,
      "recall": 0.5644531249998898,
      "f1": 0.5520534861508019
    }
  },
  "robustness": {
    "benign_accuracy": 0.6825,
    "adversarial_accuracy": 0.615,
    "robustness_drop": 0.0675
  },
  "elapsed_time": 26.49384903907776,
  "status": "success"
}