{
  "experiment_id": "PGD_ep1_response_limited_topk_top_k5",
  "timestamp": "2025-11-11T00:16:53.770343",
  "finetune_type": "PGD",
  "num_epochs": 1,
  "defense_type": "response_limited_topk",
  "defense_params": {
    "top_k": 5
  },
  "train_accuracy": 0.6677,
  "val_accuracy": 0.6382,
  "privacy": {
    "conf_threshold": {
      "accuracy": 0.5,
      "tpr": 0.0,
      "fpr": 0.0,
      "advantage": 0.0,
      "precision": 0.0,
      "recall": 0.0,
      "f1": 0.0
    },
    "logits_threshold": {
      "accuracy": 0.5,
      "tpr": 0.0,
      "fpr": 0.0,
      "advantage": 0.0,
      "precision": 0.0,
      "recall": 0.0,
      "f1": 0.0
    },
    "modified_entropy": {
      "accuracy": 0.505859375,
      "tpr": 0.3261718749999363,
      "fpr": 0.31445312499993855,
      "advantage": 0.011718749999997724,
      "precision": 0.5091463414632594,
      "recall": 0.3261718749999363,
      "f1": 0.39761904761895295
    }
  },
  "robustness": {
    "benign_accuracy": 0.695,
    "adversarial_accuracy": 0.5725,
    "robustness_drop": 0.12249999999999994
  },
  "elapsed_time": 5.8223090171813965,
  "status": "success"
}