{
  "experiment_id": "PGD_ep3_output_perturbation_scale0.1",
  "timestamp": "2025-11-11T00:18:17.615841",
  "finetune_type": "PGD",
  "num_epochs": 3,
  "defense_type": "output_perturbation",
  "defense_params": {
    "scale": 0.1
  },
  "train_accuracy": 0.69055,
  "val_accuracy": 0.6568,
  "privacy": {
    "conf_threshold": {
      "accuracy": 0.5,
      "tpr": 0.0,
      "fpr": 0.0,
      "advantage": 0.0,
      "precision": 0.0,
      "recall": 0.0,
      "f1": 0.0
    },
    "logits_threshold": {
      "accuracy": 0.5,
      "tpr": 0.0,
      "fpr": 0.0,
      "advantage": 0.0,
      "precision": 0.0,
      "recall": 0.0,
      "f1": 0.0
    },
    "modified_entropy": {
      "accuracy": 0.5146484375,
      "tpr": 0.4062499999999206,
      "fpr": 0.37695312499992634,
      "advantage": 0.029296874999994282,
      "precision": 0.5187032418951325,
      "recall": 0.4062499999999206,
      "f1": 0.4556407447972715
    }
  },
  "robustness": {
    "benign_accuracy": 0.7225,
    "adversarial_accuracy": 0.6175,
    "robustness_drop": 0.10499999999999998
  },
  "elapsed_time": 16.15268564224243,
  "status": "success"
}