{
  "experiment_id": "PGD_ep1_input_perturbation_sigma0.2",
  "timestamp": "2025-11-11T00:14:56.811487",
  "finetune_type": "PGD",
  "num_epochs": 1,
  "defense_type": "input_perturbation",
  "defense_params": {
    "sigma": 0.2
  },
  "train_accuracy": 0.5783,
  "val_accuracy": 0.5636,
  "privacy": {
    "conf_threshold": {
      "accuracy": 0.5,
      "tpr": 0.0,
      "fpr": 0.0,
      "advantage": 0.0,
      "precision": 0.0,
      "recall": 0.0,
      "f1": 0.0
    },
    "logits_threshold": {
      "accuracy": 0.5,
      "tpr": 0.0,
      "fpr": 0.0,
      "advantage": 0.0,
      "precision": 0.0,
      "recall": 0.0,
      "f1": 0.0
    },
    "modified_entropy": {
      "accuracy": 0.517578125,
      "tpr": 0.14062499999997252,
      "fpr": 0.10546874999997939,
      "advantage": 0.03515624999999313,
      "precision": 0.5714285714281179,
      "recall": 0.14062499999997252,
      "f1": 0.22570532915353428
    }
  },
  "robustness": {
    "benign_accuracy": 0.6075,
    "adversarial_accuracy": 0.555,
    "robustness_drop": 0.05249999999999999
  },
  "elapsed_time": 5.833059787750244,
  "status": "success"
}