{
  "experiment_id": "PGD_ep10_adaptive_noise_alpha0.5",
  "timestamp": "2025-11-11T01:32:46.160244",
  "finetune_type": "PGD",
  "num_epochs": 10,
  "defense_type": "adaptive_noise",
  "defense_params": {
    "alpha": 0.5
  },
  "train_accuracy": 0.5302,
  "val_accuracy": 0.4996,
  "privacy": {
    "conf_threshold": {
      "accuracy": 0.5,
      "tpr": 0.0,
      "fpr": 0.0,
      "advantage": 0.0,
      "precision": 0.0,
      "recall": 0.0,
      "f1": 0.0
    },
    "logits_threshold": {
      "accuracy": 0.5,
      "tpr": 0.0,
      "fpr": 0.0,
      "advantage": 0.0,
      "precision": 0.0,
      "recall": 0.0,
      "f1": 0.0
    },
    "modified_entropy": {
      "accuracy": 0.537109375,
      "tpr": 0.5429687499998939,
      "fpr": 0.4687499999999084,
      "advantage": 0.07421874999998546,
      "precision": 0.536679536679433,
      "recall": 0.5429687499998939,
      "f1": 0.5398058252426136
    }
  },
  "robustness": {
    "benign_accuracy": 0.52,
    "adversarial_accuracy": 0.48,
    "robustness_drop": 0.040000000000000036
  },
  "elapsed_time": 52.29436898231506,
  "status": "success"
}