{
  "experiment_id": "PGD_ep1_adaptive_noise_alpha1.0",
  "timestamp": "2025-11-11T00:17:29.115636",
  "finetune_type": "PGD",
  "num_epochs": 1,
  "defense_type": "adaptive_noise",
  "defense_params": {
    "alpha": 1.0
  },
  "train_accuracy": 0.65875,
  "val_accuracy": 0.6268,
  "privacy": {
    "conf_threshold": {
      "accuracy": 0.5009765625,
      "tpr": 0.0019531249999996184,
      "fpr": 0.0,
      "advantage": 0.0019531249999996184,
      "precision": 0.9999999999,
      "recall": 0.0019531249999996184,
      "f1": 0.003898635477581326
    },
    "logits_threshold": {
      "accuracy": 0.5009765625,
      "tpr": 0.0019531249999996184,
      "fpr": 0.0,
      "advantage": 0.0019531249999996184,
      "precision": 0.9999999999,
      "recall": 0.0019531249999996184,
      "f1": 0.003898635477581326
    },
    "modified_entropy": {
      "accuracy": 0.49609375,
      "tpr": 0.2949218749999424,
      "fpr": 0.3027343749999408,
      "advantage": -0.007812499999998446,
      "precision": 0.49346405228742046,
      "recall": 0.2949218749999424,
      "f1": 0.36919315403413955
    }
  },
  "robustness": {
    "benign_accuracy": 0.6825,
    "adversarial_accuracy": 0.59,
    "robustness_drop": 0.09250000000000003
  },
  "elapsed_time": 5.829122304916382,
  "status": "success"
}