{
  "experiment_id": "PGD_ep1_adaptive_noise_alpha0.3",
  "timestamp": "2025-11-11T00:17:11.622280",
  "finetune_type": "PGD",
  "num_epochs": 1,
  "defense_type": "adaptive_noise",
  "defense_params": {
    "alpha": 0.3
  },
  "train_accuracy": 0.68485,
  "val_accuracy": 0.6502,
  "privacy": {
    "conf_threshold": {
      "accuracy": 0.5009765625,
      "tpr": 0.0019531249999996184,
      "fpr": 0.0,
      "advantage": 0.0019531249999996184,
      "precision": 0.9999999999,
      "recall": 0.0019531249999996184,
      "f1": 0.003898635477581326
    },
    "logits_threshold": {
      "accuracy": 0.5009765625,
      "tpr": 0.0019531249999996184,
      "fpr": 0.0,
      "advantage": 0.0019531249999996184,
      "precision": 0.9999999999,
      "recall": 0.0019531249999996184,
      "f1": 0.003898635477581326
    },
    "modified_entropy": {
      "accuracy": 0.525390625,
      "tpr": 0.41992187499991795,
      "fpr": 0.3691406249999279,
      "advantage": 0.050781249999990064,
      "precision": 0.5321782178216504,
      "recall": 0.41992187499991795,
      "f1": 0.46943231441037786
    }
  },
  "robustness": {
    "benign_accuracy": 0.7275,
    "adversarial_accuracy": 0.5775,
    "robustness_drop": 0.15000000000000002
  },
  "elapsed_time": 5.835834264755249,
  "status": "success"
}