{
  "experiment_id": "PGD_ep5_input_perturbation_sigma0.2",
  "timestamp": "2025-11-11T00:31:09.370607",
  "finetune_type": "PGD",
  "num_epochs": 5,
  "defense_type": "input_perturbation",
  "defense_params": {
    "sigma": 0.2
  },
  "train_accuracy": 0.61255,
  "val_accuracy": 0.5892,
  "privacy": {
    "conf_threshold": {
      "accuracy": 0.5,
      "tpr": 0.0,
      "fpr": 0.0,
      "advantage": 0.0,
      "precision": 0.0,
      "recall": 0.0,
      "f1": 0.0
    },
    "logits_threshold": {
      "accuracy": 0.5,
      "tpr": 0.0,
      "fpr": 0.0,
      "advantage": 0.0,
      "precision": 0.0,
      "recall": 0.0,
      "f1": 0.0
    },
    "modified_entropy": {
      "accuracy": 0.5068359375,
      "tpr": 0.37695312499992634,
      "fpr": 0.363281249999929,
      "advantage": 0.013671874999997335,
      "precision": 0.5092348284959078,
      "recall": 0.37695312499992634,
      "f1": 0.4332210998876693
    }
  },
  "robustness": {
    "benign_accuracy": 0.605,
    "adversarial_accuracy": 0.55,
    "robustness_drop": 0.05499999999999994
  },
  "elapsed_time": 26.46456480026245,
  "status": "success"
}