{
  "experiment_id": "PGD_ep5_temperature_scaled_temp2.0",
  "timestamp": "2025-11-11T00:35:40.467999",
  "finetune_type": "PGD",
  "num_epochs": 5,
  "defense_type": "temperature_scaled",
  "defense_params": {
    "temp": 2.0
  },
  "train_accuracy": 0.65635,
  "val_accuracy": 0.6248,
  "privacy": {
    "conf_threshold": {
      "accuracy": 0.5,
      "tpr": 0.0,
      "fpr": 0.0,
      "advantage": 0.0,
      "precision": 0.0,
      "recall": 0.0,
      "f1": 0.0
    },
    "logits_threshold": {
      "accuracy": 0.5,
      "tpr": 0.0,
      "fpr": 0.0,
      "advantage": 0.0,
      "precision": 0.0,
      "recall": 0.0,
      "f1": 0.0
    },
    "modified_entropy": {
      "accuracy": 0.5029296875,
      "tpr": 0.021484374999995802,
      "fpr": 0.015624999999996947,
      "advantage": 0.005859374999998855,
      "precision": 0.5789473684180056,
      "recall": 0.021484374999995802,
      "f1": 0.04143126177022922
    }
  },
  "robustness": {
    "benign_accuracy": 0.6925,
    "adversarial_accuracy": 0.6125,
    "robustness_drop": 0.07999999999999996
  },
  "elapsed_time": 26.5176203250885,
  "status": "success"
}