{
  "experiment_id": "PGD_ep3_test_time_augmentation_num_augmentations1",
  "timestamp": "2025-11-11T00:20:59.238638",
  "finetune_type": "PGD",
  "num_epochs": 3,
  "defense_type": "test_time_augmentation",
  "defense_params": {
    "num_augmentations": 1
  },
  "train_accuracy": 0.58035,
  "val_accuracy": 0.559,
  "privacy": {
    "conf_threshold": {
      "accuracy": 0.5,
      "tpr": 0.0,
      "fpr": 0.0,
      "advantage": 0.0,
      "precision": 0.0,
      "recall": 0.0,
      "f1": 0.0
    },
    "logits_threshold": {
      "accuracy": 0.5,
      "tpr": 0.0,
      "fpr": 0.0,
      "advantage": 0.0,
      "precision": 0.0,
      "recall": 0.0,
      "f1": 0.0
    },
    "modified_entropy": {
      "accuracy": 0.5205078125,
      "tpr": 0.37695312499992634,
      "fpr": 0.3359374999999344,
      "advantage": 0.04101562499999195,
      "precision": 0.5287671232875264,
      "recall": 0.37695312499992634,
      "f1": 0.4401368301025222
    }
  },
  "robustness": {
    "benign_accuracy": 0.53,
    "adversarial_accuracy": 0.5725,
    "robustness_drop": -0.04249999999999998
  },
  "elapsed_time": 16.162471055984497,
  "status": "success"
}