{
  "experiment_id": "PGD_ep1_test_time_augmentation_num_augmentations10",
  "timestamp": "2025-11-11T00:15:48.819107",
  "finetune_type": "PGD",
  "num_epochs": 1,
  "defense_type": "test_time_augmentation",
  "defense_params": {
    "num_augmentations": 10
  },
  "train_accuracy": 0.58775,
  "val_accuracy": 0.5562,
  "privacy": {
    "conf_threshold": {
      "accuracy": 0.5,
      "tpr": 0.0,
      "fpr": 0.0,
      "advantage": 0.0,
      "precision": 0.0,
      "recall": 0.0,
      "f1": 0.0
    },
    "logits_threshold": {
      "accuracy": 0.5,
      "tpr": 0.0,
      "fpr": 0.0,
      "advantage": 0.0,
      "precision": 0.0,
      "recall": 0.0,
      "f1": 0.0
    },
    "modified_entropy": {
      "accuracy": 0.5009765625,
      "tpr": 0.18359374999996414,
      "fpr": 0.1816406249999645,
      "advantage": 0.0019531249999996392,
      "precision": 0.5026737967911751,
      "recall": 0.18359374999996414,
      "f1": 0.26895565092982293
    }
  },
  "robustness": {
    "benign_accuracy": 0.63,
    "adversarial_accuracy": 0.5575,
    "robustness_drop": 0.07250000000000001
  },
  "elapsed_time": 8.458868741989136,
  "status": "success"
}