{
  "experiment_id": "PGD_ep5_input_perturbation_sigma0.1",
  "timestamp": "2025-11-11T00:30:42.904254",
  "finetune_type": "PGD",
  "num_epochs": 5,
  "defense_type": "input_perturbation",
  "defense_params": {
    "sigma": 0.1
  },
  "train_accuracy": 0.6667,
  "val_accuracy": 0.6292,
  "privacy": {
    "conf_threshold": {
      "accuracy": 0.5,
      "tpr": 0.0,
      "fpr": 0.0,
      "advantage": 0.0,
      "precision": 0.0,
      "recall": 0.0,
      "f1": 0.0
    },
    "logits_threshold": {
      "accuracy": 0.5,
      "tpr": 0.0,
      "fpr": 0.0,
      "advantage": 0.0,
      "precision": 0.0,
      "recall": 0.0,
      "f1": 0.0
    },
    "modified_entropy": {
      "accuracy": 0.5234375,
      "tpr": 0.48046874999990613,
      "fpr": 0.4335937499999153,
      "advantage": 0.04687499999999084,
      "precision": 0.5256410256409133,
      "recall": 0.48046874999990613,
      "f1": 0.5020408163264282
    }
  },
  "robustness": {
    "benign_accuracy": 0.69,
    "adversarial_accuracy": 0.6075,
    "robustness_drop": 0.0824999999999999
  },
  "elapsed_time": 26.51162576675415,
  "status": "success"
}