{
  "experiment_id": "PGD_ep10_output_perturbation_scale0.3",
  "timestamp": "2025-11-11T01:07:54.255593",
  "finetune_type": "PGD",
  "num_epochs": 10,
  "defense_type": "output_perturbation",
  "defense_params": {
    "scale": 0.3
  },
  "train_accuracy": 0.5411,
  "val_accuracy": 0.5062,
  "privacy": {
    "conf_threshold": {
      "accuracy": 0.5,
      "tpr": 0.0,
      "fpr": 0.0,
      "advantage": 0.0,
      "precision": 0.0,
      "recall": 0.0,
      "f1": 0.0
    },
    "logits_threshold": {
      "accuracy": 0.5,
      "tpr": 0.0,
      "fpr": 0.0,
      "advantage": 0.0,
      "precision": 0.0,
      "recall": 0.0,
      "f1": 0.0
    },
    "modified_entropy": {
      "accuracy": 0.548828125,
      "tpr": 0.5566406249998912,
      "fpr": 0.4589843749999103,
      "advantage": 0.0976562499999809,
      "precision": 0.5480769230768177,
      "recall": 0.5566406249998912,
      "f1": 0.5523255813952418
    }
  },
  "robustness": {
    "benign_accuracy": 0.5325,
    "adversarial_accuracy": 0.4875,
    "robustness_drop": 0.044999999999999984
  },
  "elapsed_time": 52.23597526550293,
  "status": "success"
}