{
  "experiment_id": "PGD_ep10_test_time_augmentation_num_augmentations5",
  "timestamp": "2025-11-11T01:16:45.765335",
  "finetune_type": "PGD",
  "num_epochs": 10,
  "defense_type": "test_time_augmentation",
  "defense_params": {
    "num_augmentations": 5
  },
  "train_accuracy": 0.46255,
  "val_accuracy": 0.4522,
  "privacy": {
    "conf_threshold": {
      "accuracy": 0.5,
      "tpr": 0.0,
      "fpr": 0.0,
      "advantage": 0.0,
      "precision": 0.0,
      "recall": 0.0,
      "f1": 0.0
    },
    "logits_threshold": {
      "accuracy": 0.5,
      "tpr": 0.0,
      "fpr": 0.0,
      "advantage": 0.0,
      "precision": 0.0,
      "recall": 0.0,
      "f1": 0.0
    },
    "modified_entropy": {
      "accuracy": 0.515625,
      "tpr": 0.3085937499999397,
      "fpr": 0.2773437499999458,
      "advantage": 0.031249999999993894,
      "precision": 0.5266666666664911,
      "recall": 0.3085937499999397,
      "f1": 0.38916256157625884
    }
  },
  "robustness": {
    "benign_accuracy": 0.5025,
    "adversarial_accuracy": 0.445,
    "robustness_drop": 0.05749999999999994
  },
  "elapsed_time": 53.41573143005371,
  "status": "success"
}