{
  "experiment_id": "PGD_ep5_adaptive_noise_alpha0.1",
  "timestamp": "2025-11-11T00:40:05.306004",
  "finetune_type": "PGD",
  "num_epochs": 5,
  "defense_type": "adaptive_noise",
  "defense_params": {
    "alpha": 0.1
  },
  "train_accuracy": 0.67005,
  "val_accuracy": 0.6342,
  "privacy": {
    "conf_threshold": {
      "accuracy": 0.5,
      "tpr": 0.0,
      "fpr": 0.0,
      "advantage": 0.0,
      "precision": 0.0,
      "recall": 0.0,
      "f1": 0.0
    },
    "logits_threshold": {
      "accuracy": 0.5,
      "tpr": 0.0,
      "fpr": 0.0,
      "advantage": 0.0,
      "precision": 0.0,
      "recall": 0.0,
      "f1": 0.0
    },
    "modified_entropy": {
      "accuracy": 0.5419921875,
      "tpr": 0.49414062499990347,
      "fpr": 0.41015624999991984,
      "advantage": 0.08398437499998362,
      "precision": 0.5464362850970742,
      "recall": 0.49414062499990347,
      "f1": 0.5189743589742525
    }
  },
  "robustness": {
    "benign_accuracy": 0.7025,
    "adversarial_accuracy": 0.6125,
    "robustness_drop": 0.08999999999999997
  },
  "elapsed_time": 26.46642231941223,
  "status": "success"
}