{
  "experiment_id": "PGD_ep3_output_perturbation_scale0.5",
  "timestamp": "2025-11-11T00:19:06.143886",
  "finetune_type": "PGD",
  "num_epochs": 3,
  "defense_type": "output_perturbation",
  "defense_params": {
    "scale": 0.5
  },
  "train_accuracy": 0.67185,
  "val_accuracy": 0.6308,
  "privacy": {
    "conf_threshold": {
      "accuracy": 0.5,
      "tpr": 0.0,
      "fpr": 0.0,
      "advantage": 0.0,
      "precision": 0.0,
      "recall": 0.0,
      "f1": 0.0
    },
    "logits_threshold": {
      "accuracy": 0.5,
      "tpr": 0.0,
      "fpr": 0.0,
      "advantage": 0.0,
      "precision": 0.0,
      "recall": 0.0,
      "f1": 0.0
    },
    "modified_entropy": {
      "accuracy": 0.5244140625,
      "tpr": 0.4374999999999145,
      "fpr": 0.38867187499992406,
      "advantage": 0.04882812499999045,
      "precision": 0.5295508274230427,
      "recall": 0.4374999999999145,
      "f1": 0.4791443850266355
    }
  },
  "robustness": {
    "benign_accuracy": 0.6875,
    "adversarial_accuracy": 0.5975,
    "robustness_drop": 0.08999999999999997
  },
  "elapsed_time": 16.145626068115234,
  "status": "success"
}