{
  "experiment_id": "PGD_ep7_test_time_augmentation_num_augmentations10",
  "timestamp": "2025-11-11T00:52:39.138862",
  "finetune_type": "PGD",
  "num_epochs": 7,
  "defense_type": "test_time_augmentation",
  "defense_params": {
    "num_augmentations": 10
  },
  "train_accuracy": 0.54965,
  "val_accuracy": 0.5308,
  "privacy": {
    "conf_threshold": {
      "accuracy": 0.5,
      "tpr": 0.0,
      "fpr": 0.0,
      "advantage": 0.0,
      "precision": 0.0,
      "recall": 0.0,
      "f1": 0.0
    },
    "logits_threshold": {
      "accuracy": 0.5,
      "tpr": 0.0,
      "fpr": 0.0,
      "advantage": 0.0,
      "precision": 0.0,
      "recall": 0.0,
      "f1": 0.0
    },
    "modified_entropy": {
      "accuracy": 0.5068359375,
      "tpr": 0.337890624999934,
      "fpr": 0.32421874999993666,
      "advantage": 0.013671874999997335,
      "precision": 0.5103244837756606,
      "recall": 0.337890624999934,
      "f1": 0.4065804935369197
    }
  },
  "robustness": {
    "benign_accuracy": 0.5875,
    "adversarial_accuracy": 0.545,
    "robustness_drop": 0.04249999999999998
  },
  "elapsed_time": 39.39810013771057,
  "status": "success"
}