{
  "experiment_id": "PGD_ep7_response_limited_topk_top_k3",
  "timestamp": "2025-11-11T00:58:28.953858",
  "finetune_type": "PGD",
  "num_epochs": 7,
  "defense_type": "response_limited_topk",
  "defense_params": {
    "top_k": 3
  },
  "train_accuracy": 0.6172,
  "val_accuracy": 0.582,
  "privacy": {
    "conf_threshold": {
      "accuracy": 0.5,
      "tpr": 0.0,
      "fpr": 0.0,
      "advantage": 0.0,
      "precision": 0.0,
      "recall": 0.0,
      "f1": 0.0
    },
    "logits_threshold": {
      "accuracy": 0.5,
      "tpr": 0.0,
      "fpr": 0.0,
      "advantage": 0.0,
      "precision": 0.0,
      "recall": 0.0,
      "f1": 0.0
    },
    "modified_entropy": {
      "accuracy": 0.525390625,
      "tpr": 0.7382812499998558,
      "fpr": 0.6874999999998657,
      "advantage": 0.05078124999999012,
      "precision": 0.5178082191780112,
      "recall": 0.7382812499998558,
      "f1": 0.6086956521738149
    }
  },
  "robustness": {
    "benign_accuracy": 0.6425,
    "adversarial_accuracy": 0.61,
    "robustness_drop": 0.03249999999999997
  },
  "elapsed_time": 36.93784475326538,
  "status": "success"
}