{
  "experiment_id": "PGD_ep5_temperature_scaled_temp1.0",
  "timestamp": "2025-11-11T00:34:47.483136",
  "finetune_type": "PGD",
  "num_epochs": 5,
  "defense_type": "temperature_scaled",
  "defense_params": {
    "temp": 1.0
  },
  "train_accuracy": 0.64245,
  "val_accuracy": 0.6152,
  "privacy": {
    "conf_threshold": {
      "accuracy": 0.5,
      "tpr": 0.0,
      "fpr": 0.0,
      "advantage": 0.0,
      "precision": 0.0,
      "recall": 0.0,
      "f1": 0.0
    },
    "logits_threshold": {
      "accuracy": 0.5,
      "tpr": 0.0,
      "fpr": 0.0,
      "advantage": 0.0,
      "precision": 0.0,
      "recall": 0.0,
      "f1": 0.0
    },
    "modified_entropy": {
      "accuracy": 0.5068359375,
      "tpr": 0.3945312499999229,
      "fpr": 0.38085937499992556,
      "advantage": 0.013671874999997335,
      "precision": 0.5088161209066728,
      "recall": 0.3945312499999229,
      "f1": 0.44444444444434666
    }
  },
  "robustness": {
    "benign_accuracy": 0.6725,
    "adversarial_accuracy": 0.615,
    "robustness_drop": 0.057499999999999996
  },
  "elapsed_time": 26.479209661483765,
  "status": "success"
}