{
  "experiment_id": "PGD_ep10_input_perturbation_sigma0.05",
  "timestamp": "2025-11-11T01:10:31.105916",
  "finetune_type": "PGD",
  "num_epochs": 10,
  "defense_type": "input_perturbation",
  "defense_params": {
    "sigma": 0.05
  },
  "train_accuracy": 0.5214,
  "val_accuracy": 0.4928,
  "privacy": {
    "conf_threshold": {
      "accuracy": 0.5,
      "tpr": 0.0,
      "fpr": 0.0,
      "advantage": 0.0,
      "precision": 0.0,
      "recall": 0.0,
      "f1": 0.0
    },
    "logits_threshold": {
      "accuracy": 0.5,
      "tpr": 0.0,
      "fpr": 0.0,
      "advantage": 0.0,
      "precision": 0.0,
      "recall": 0.0,
      "f1": 0.0
    },
    "modified_entropy": {
      "accuracy": 0.5400390625,
      "tpr": 0.5449218749998935,
      "fpr": 0.4648437499999092,
      "advantage": 0.08007812499998435,
      "precision": 0.5396518375240735,
      "recall": 0.5449218749998935,
      "f1": 0.5422740524780286
    }
  },
  "robustness": {
    "benign_accuracy": 0.51,
    "adversarial_accuracy": 0.485,
    "robustness_drop": 0.025000000000000022
  },
  "elapsed_time": 52.30148983001709,
  "status": "success"
}