{
  "experiment_id": "PGD_ep5_output_perturbation_scale0.2",
  "timestamp": "2025-11-11T00:28:30.519915",
  "finetune_type": "PGD",
  "num_epochs": 5,
  "defense_type": "output_perturbation",
  "defense_params": {
    "scale": 0.2
  },
  "train_accuracy": 0.6418,
  "val_accuracy": 0.61,
  "privacy": {
    "conf_threshold": {
      "accuracy": 0.5,
      "tpr": 0.0,
      "fpr": 0.0,
      "advantage": 0.0,
      "precision": 0.0,
      "recall": 0.0,
      "f1": 0.0
    },
    "logits_threshold": {
      "accuracy": 0.5,
      "tpr": 0.0,
      "fpr": 0.0,
      "advantage": 0.0,
      "precision": 0.0,
      "recall": 0.0,
      "f1": 0.0
    },
    "modified_entropy": {
      "accuracy": 0.513671875,
      "tpr": 0.41992187499991795,
      "fpr": 0.3925781249999233,
      "advantage": 0.02734374999999467,
      "precision": 0.5168269230767989,
      "recall": 0.41992187499991795,
      "f1": 0.4633620689654174
    }
  },
  "robustness": {
    "benign_accuracy": 0.6725,
    "adversarial_accuracy": 0.6075,
    "robustness_drop": 0.06499999999999995
  },
  "elapsed_time": 26.457494974136353,
  "status": "success"
}