{
  "experiment_id": "PGD_ep3_adaptive_noise_alpha0.1",
  "timestamp": "2025-11-11T00:25:40.000982",
  "finetune_type": "PGD",
  "num_epochs": 3,
  "defense_type": "adaptive_noise",
  "defense_params": {
    "alpha": 0.1
  },
  "train_accuracy": 0.6842,
  "val_accuracy": 0.6508,
  "privacy": {
    "conf_threshold": {
      "accuracy": 0.5,
      "tpr": 0.0,
      "fpr": 0.0,
      "advantage": 0.0,
      "precision": 0.0,
      "recall": 0.0,
      "f1": 0.0
    },
    "logits_threshold": {
      "accuracy": 0.5,
      "tpr": 0.0,
      "fpr": 0.0,
      "advantage": 0.0,
      "precision": 0.0,
      "recall": 0.0,
      "f1": 0.0
    },
    "modified_entropy": {
      "accuracy": 0.5166015625,
      "tpr": 0.37890624999992595,
      "fpr": 0.34570312499993244,
      "advantage": 0.033203124999993505,
      "precision": 0.5229110512127971,
      "recall": 0.37890624999992595,
      "f1": 0.4394110985276468
    }
  },
  "robustness": {
    "benign_accuracy": 0.71,
    "adversarial_accuracy": 0.61,
    "robustness_drop": 0.09999999999999998
  },
  "elapsed_time": 16.189229488372803,
  "status": "success"
}