{
  "experiment_id": "PGD_ep5_adaptive_noise_alpha0.5",
  "timestamp": "2025-11-11T00:40:58.334858",
  "finetune_type": "PGD",
  "num_epochs": 5,
  "defense_type": "adaptive_noise",
  "defense_params": {
    "alpha": 0.5
  },
  "train_accuracy": 0.67855,
  "val_accuracy": 0.6386,
  "privacy": {
    "conf_threshold": {
      "accuracy": 0.5,
      "tpr": 0.0,
      "fpr": 0.0,
      "advantage": 0.0,
      "precision": 0.0,
      "recall": 0.0,
      "f1": 0.0
    },
    "logits_threshold": {
      "accuracy": 0.5,
      "tpr": 0.0,
      "fpr": 0.0,
      "advantage": 0.0,
      "precision": 0.0,
      "recall": 0.0,
      "f1": 0.0
    },
    "modified_entropy": {
      "accuracy": 0.5302734375,
      "tpr": 0.5332031249998959,
      "fpr": 0.47265624999990763,
      "advantage": 0.06054687499998823,
      "precision": 0.5300970873785378,
      "recall": 0.5332031249998959,
      "f1": 0.5316455696201496
    }
  },
  "robustness": {
    "benign_accuracy": 0.685,
    "adversarial_accuracy": 0.6,
    "robustness_drop": 0.08500000000000008
  },
  "elapsed_time": 26.470872163772583,
  "status": "success"
}