{
  "experiment_id": "PGD_ep1_response_limited_topk_top_k3",
  "timestamp": "2025-11-11T00:16:42.111841",
  "finetune_type": "PGD",
  "num_epochs": 1,
  "defense_type": "response_limited_topk",
  "defense_params": {
    "top_k": 3
  },
  "train_accuracy": 0.6851,
  "val_accuracy": 0.651,
  "privacy": {
    "conf_threshold": {
      "accuracy": 0.5009765625,
      "tpr": 0.0019531249999996184,
      "fpr": 0.0,
      "advantage": 0.0019531249999996184,
      "precision": 0.9999999999,
      "recall": 0.0019531249999996184,
      "f1": 0.003898635477581326
    },
    "logits_threshold": {
      "accuracy": 0.5,
      "tpr": 0.0,
      "fpr": 0.0,
      "advantage": 0.0,
      "precision": 0.0,
      "recall": 0.0,
      "f1": 0.0
    },
    "modified_entropy": {
      "accuracy": 0.521484375,
      "tpr": 0.6914062499998649,
      "fpr": 0.6484374999998733,
      "advantage": 0.04296874999999156,
      "precision": 0.5160349854226652,
      "recall": 0.6914062499998649,
      "f1": 0.590984974958165
    }
  },
  "robustness": {
    "benign_accuracy": 0.73,
    "adversarial_accuracy": 0.5925,
    "robustness_drop": 0.13749999999999996
  },
  "elapsed_time": 5.840689420700073,
  "status": "success"
}