{
  "experiment_id": "PGD_ep10_output_perturbation_scale0.5",
  "timestamp": "2025-11-11T01:08:46.537461",
  "finetune_type": "PGD",
  "num_epochs": 10,
  "defense_type": "output_perturbation",
  "defense_params": {
    "scale": 0.5
  },
  "train_accuracy": 0.52115,
  "val_accuracy": 0.4906,
  "privacy": {
    "conf_threshold": {
      "accuracy": 0.5,
      "tpr": 0.0,
      "fpr": 0.0,
      "advantage": 0.0,
      "precision": 0.0,
      "recall": 0.0,
      "f1": 0.0
    },
    "logits_threshold": {
      "accuracy": 0.5,
      "tpr": 0.0,
      "fpr": 0.0,
      "advantage": 0.0,
      "precision": 0.0,
      "recall": 0.0,
      "f1": 0.0
    },
    "modified_entropy": {
      "accuracy": 0.5322265625,
      "tpr": 0.5371093749998951,
      "fpr": 0.47265624999990763,
      "advantage": 0.06445312499998745,
      "precision": 0.5319148936169183,
      "recall": 0.5371093749998951,
      "f1": 0.5344995140912469
    }
  },
  "robustness": {
    "benign_accuracy": 0.515,
    "adversarial_accuracy": 0.4825,
    "robustness_drop": 0.03250000000000003
  },
  "elapsed_time": 52.28002142906189,
  "status": "success"
}