{
  "experiment_id": "PGD_ep5_response_limited_topk_top_k5",
  "timestamp": "2025-11-11T00:39:12.319138",
  "finetune_type": "PGD",
  "num_epochs": 5,
  "defense_type": "response_limited_topk",
  "defense_params": {
    "top_k": 5
  },
  "train_accuracy": 0.6471,
  "val_accuracy": 0.6182,
  "privacy": {
    "conf_threshold": {
      "accuracy": 0.5,
      "tpr": 0.0,
      "fpr": 0.0,
      "advantage": 0.0,
      "precision": 0.0,
      "recall": 0.0,
      "f1": 0.0
    },
    "logits_threshold": {
      "accuracy": 0.5,
      "tpr": 0.0,
      "fpr": 0.0,
      "advantage": 0.0,
      "precision": 0.0,
      "recall": 0.0,
      "f1": 0.0
    },
    "modified_entropy": {
      "accuracy": 0.517578125,
      "tpr": 0.48437499999990535,
      "fpr": 0.44921874999991224,
      "advantage": 0.03515624999999312,
      "precision": 0.5188284518827366,
      "recall": 0.48437499999990535,
      "f1": 0.5010101010099998
    }
  },
  "robustness": {
    "benign_accuracy": 0.6875,
    "adversarial_accuracy": 0.6225,
    "robustness_drop": 0.06499999999999995
  },
  "elapsed_time": 26.462228298187256,
  "status": "success"
}