{
  "experiment_id": "PGD_ep1_temperature_scaled_temp1.0",
  "timestamp": "2025-11-11T00:15:54.649469",
  "finetune_type": "PGD",
  "num_epochs": 1,
  "defense_type": "temperature_scaled",
  "defense_params": {
    "temp": 1.0
  },
  "train_accuracy": 0.68885,
  "val_accuracy": 0.654,
  "privacy": {
    "conf_threshold": {
      "accuracy": 0.501953125,
      "tpr": 0.0039062499999992367,
      "fpr": 0.0,
      "advantage": 0.0039062499999992367,
      "precision": 0.99999999995,
      "recall": 0.0039062499999992367,
      "f1": 0.007782101167312147
    },
    "logits_threshold": {
      "accuracy": 0.501953125,
      "tpr": 0.0039062499999992367,
      "fpr": 0.0,
      "advantage": 0.0039062499999992367,
      "precision": 0.99999999995,
      "recall": 0.0039062499999992367,
      "f1": 0.007782101167312147
    },
    "modified_entropy": {
      "accuracy": 0.5185546875,
      "tpr": 0.44335937499991335,
      "fpr": 0.4062499999999206,
      "advantage": 0.03710937499999273,
      "precision": 0.5218390804596502,
      "recall": 0.44335937499991335,
      "f1": 0.47940865892281326
    }
  },
  "robustness": {
    "benign_accuracy": 0.735,
    "adversarial_accuracy": 0.57,
    "robustness_drop": 0.16500000000000004
  },
  "elapsed_time": 5.828750848770142,
  "status": "success"
}