{
  "experiment_id": "PGD_ep3_temperature_scaled_temp2.0",
  "timestamp": "2025-11-11T00:22:58.410815",
  "finetune_type": "PGD",
  "num_epochs": 3,
  "defense_type": "temperature_scaled",
  "defense_params": {
    "temp": 2.0
  },
  "train_accuracy": 0.67885,
  "val_accuracy": 0.6474,
  "privacy": {
    "conf_threshold": {
      "accuracy": 0.5,
      "tpr": 0.0,
      "fpr": 0.0,
      "advantage": 0.0,
      "precision": 0.0,
      "recall": 0.0,
      "f1": 0.0
    },
    "logits_threshold": {
      "accuracy": 0.5,
      "tpr": 0.0,
      "fpr": 0.0,
      "advantage": 0.0,
      "precision": 0.0,
      "recall": 0.0,
      "f1": 0.0
    },
    "modified_entropy": {
      "accuracy": 0.50390625,
      "tpr": 0.019531249999996184,
      "fpr": 0.01171874999999771,
      "advantage": 0.0078124999999984734,
      "precision": 0.6249999999960938,
      "recall": 0.019531249999996184,
      "f1": 0.03787878787877353
    }
  },
  "robustness": {
    "benign_accuracy": 0.71,
    "adversarial_accuracy": 0.6125,
    "robustness_drop": 0.09749999999999992
  },
  "elapsed_time": 16.131657123565674,
  "status": "success"
}