{
  "experiment_id": "PGD_ep5_response_limited_topk_top_k3",
  "timestamp": "2025-11-11T00:38:19.379318",
  "finetune_type": "PGD",
  "num_epochs": 5,
  "defense_type": "response_limited_topk",
  "defense_params": {
    "top_k": 3
  },
  "train_accuracy": 0.67645,
  "val_accuracy": 0.6354,
  "privacy": {
    "conf_threshold": {
      "accuracy": 0.5,
      "tpr": 0.0,
      "fpr": 0.0,
      "advantage": 0.0,
      "precision": 0.0,
      "recall": 0.0,
      "f1": 0.0
    },
    "logits_threshold": {
      "accuracy": 0.5,
      "tpr": 0.0,
      "fpr": 0.0,
      "advantage": 0.0,
      "precision": 0.0,
      "recall": 0.0,
      "f1": 0.0
    },
    "modified_entropy": {
      "accuracy": 0.52734375,
      "tpr": 0.7753906249998485,
      "fpr": 0.7207031249998592,
      "advantage": 0.05468749999998923,
      "precision": 0.518276762402021,
      "recall": 0.7753906249998485,
      "f1": 0.6212832550859747
    }
  },
  "robustness": {
    "benign_accuracy": 0.7,
    "adversarial_accuracy": 0.62,
    "robustness_drop": 0.07999999999999996
  },
  "elapsed_time": 26.51333260536194,
  "status": "success"
}