{
  "experiment_id": "PGD_ep10_response_limited_topk_top_k3",
  "timestamp": "2025-11-11T01:27:31.893408",
  "finetune_type": "PGD",
  "num_epochs": 10,
  "defense_type": "response_limited_topk",
  "defense_params": {
    "top_k": 3
  },
  "train_accuracy": 0.5175,
  "val_accuracy": 0.4846,
  "privacy": {
    "conf_threshold": {
      "accuracy": 0.5,
      "tpr": 0.0,
      "fpr": 0.0,
      "advantage": 0.0,
      "precision": 0.0,
      "recall": 0.0,
      "f1": 0.0
    },
    "logits_threshold": {
      "accuracy": 0.5,
      "tpr": 0.0,
      "fpr": 0.0,
      "advantage": 0.0,
      "precision": 0.0,
      "recall": 0.0,
      "f1": 0.0
    },
    "modified_entropy": {
      "accuracy": 0.5224609375,
      "tpr": 0.7636718749998508,
      "fpr": 0.7187499999998596,
      "advantage": 0.04492187499999123,
      "precision": 0.5151515151514473,
      "recall": 0.7636718749998508,
      "f1": 0.6152635719904618
    }
  },
  "robustness": {
    "benign_accuracy": 0.5075,
    "adversarial_accuracy": 0.47,
    "robustness_drop": 0.03749999999999998
  },
  "elapsed_time": 52.31214737892151,
  "status": "success"
}