{
  "experiment_id": "PGD_ep10_temperature_scaled_temp2.0",
  "timestamp": "2025-11-11T01:22:08.855233",
  "finetune_type": "PGD",
  "num_epochs": 10,
  "defense_type": "temperature_scaled",
  "defense_params": {
    "temp": 2.0
  },
  "train_accuracy": 0.52005,
  "val_accuracy": 0.4904,
  "privacy": {
    "conf_threshold": {
      "accuracy": 0.5,
      "tpr": 0.0,
      "fpr": 0.0,
      "advantage": 0.0,
      "precision": 0.0,
      "recall": 0.0,
      "f1": 0.0
    },
    "logits_threshold": {
      "accuracy": 0.5,
      "tpr": 0.0,
      "fpr": 0.0,
      "advantage": 0.0,
      "precision": 0.0,
      "recall": 0.0,
      "f1": 0.0
    },
    "modified_entropy": {
      "accuracy": 0.5107421875,
      "tpr": 0.03320312499999351,
      "fpr": 0.01171874999999771,
      "advantage": 0.021484374999995802,
      "precision": 0.7391304347793951,
      "recall": 0.03320312499999351,
      "f1": 0.06355140186913512
    }
  },
  "robustness": {
    "benign_accuracy": 0.505,
    "adversarial_accuracy": 0.4725,
    "robustness_drop": 0.03250000000000003
  },
  "elapsed_time": 102.65878486633301,
  "status": "success"
}