{
  "experiment_id": "PGD_ep7_output_perturbation_scale0.2",
  "timestamp": "2025-11-11T00:44:18.508852",
  "finetune_type": "PGD",
  "num_epochs": 7,
  "defense_type": "output_perturbation",
  "defense_params": {
    "scale": 0.2
  },
  "train_accuracy": 0.61085,
  "val_accuracy": 0.5778,
  "privacy": {
    "conf_threshold": {
      "accuracy": 0.5,
      "tpr": 0.0,
      "fpr": 0.0,
      "advantage": 0.0,
      "precision": 0.0,
      "recall": 0.0,
      "f1": 0.0
    },
    "logits_threshold": {
      "accuracy": 0.5,
      "tpr": 0.0,
      "fpr": 0.0,
      "advantage": 0.0,
      "precision": 0.0,
      "recall": 0.0,
      "f1": 0.0
    },
    "modified_entropy": {
      "accuracy": 0.51171875,
      "tpr": 0.4589843749999103,
      "fpr": 0.4355468749999149,
      "advantage": 0.023437499999995393,
      "precision": 0.5131004366811107,
      "recall": 0.4589843749999103,
      "f1": 0.48453608247412694
    }
  },
  "robustness": {
    "benign_accuracy": 0.63,
    "adversarial_accuracy": 0.6,
    "robustness_drop": 0.030000000000000027
  },
  "elapsed_time": 36.76969623565674,
  "status": "success"
}