{
  "experiment_id": "PGD_ep1_output_perturbation_scale0.2",
  "timestamp": "2025-11-11T00:14:21.714758",
  "finetune_type": "PGD",
  "num_epochs": 1,
  "defense_type": "output_perturbation",
  "defense_params": {
    "scale": 0.2
  },
  "train_accuracy": 0.613,
  "val_accuracy": 0.591,
  "privacy": {
    "conf_threshold": {
      "accuracy": 0.5,
      "tpr": 0.0,
      "fpr": 0.0,
      "advantage": 0.0,
      "precision": 0.0,
      "recall": 0.0,
      "f1": 0.0
    },
    "logits_threshold": {
      "accuracy": 0.5,
      "tpr": 0.0,
      "fpr": 0.0,
      "advantage": 0.0,
      "precision": 0.0,
      "recall": 0.0,
      "f1": 0.0
    },
    "modified_entropy": {
      "accuracy": 0.5078125,
      "tpr": 0.15624999999996947,
      "fpr": 0.14062499999997252,
      "advantage": 0.015624999999996947,
      "precision": 0.526315789473338,
      "recall": 0.15624999999996947,
      "f1": 0.24096385542161416
    }
  },
  "robustness": {
    "benign_accuracy": 0.6275,
    "adversarial_accuracy": 0.525,
    "robustness_drop": 0.10249999999999992
  },
  "elapsed_time": 5.8388402462005615,
  "status": "success"
}