{
  "experiment_id": "PGD_ep1_input_perturbation_sigma0.01",
  "timestamp": "2025-11-11T00:14:39.215516",
  "finetune_type": "PGD",
  "num_epochs": 1,
  "defense_type": "input_perturbation",
  "defense_params": {
    "sigma": 0.01
  },
  "train_accuracy": 0.63985,
  "val_accuracy": 0.6114,
  "privacy": {
    "conf_threshold": {
      "accuracy": 0.5,
      "tpr": 0.0,
      "fpr": 0.0,
      "advantage": 0.0,
      "precision": 0.0,
      "recall": 0.0,
      "f1": 0.0
    },
    "logits_threshold": {
      "accuracy": 0.5,
      "tpr": 0.0,
      "fpr": 0.0,
      "advantage": 0.0,
      "precision": 0.0,
      "recall": 0.0,
      "f1": 0.0
    },
    "modified_entropy": {
      "accuracy": 0.50390625,
      "tpr": 0.1796874999999649,
      "fpr": 0.17187499999996642,
      "advantage": 0.0078124999999984734,
      "precision": 0.5111111111108272,
      "recall": 0.1796874999999649,
      "f1": 0.2658959537571486
    }
  },
  "robustness": {
    "benign_accuracy": 0.67,
    "adversarial_accuracy": 0.545,
    "robustness_drop": 0.125
  },
  "elapsed_time": 5.839762210845947,
  "status": "success"
}