{
  "experiment_id": "PGD_ep3_adaptive_noise_alpha0.7",
  "timestamp": "2025-11-11T00:26:28.445205",
  "finetune_type": "PGD",
  "num_epochs": 3,
  "defense_type": "adaptive_noise",
  "defense_params": {
    "alpha": 0.7
  },
  "train_accuracy": 0.64725,
  "val_accuracy": 0.6228,
  "privacy": {
    "conf_threshold": {
      "accuracy": 0.5,
      "tpr": 0.0,
      "fpr": 0.0,
      "advantage": 0.0,
      "precision": 0.0,
      "recall": 0.0,
      "f1": 0.0
    },
    "logits_threshold": {
      "accuracy": 0.4990234375,
      "tpr": 0.0,
      "fpr": 0.0019531249999996184,
      "advantage": -0.0019531249999996184,
      "precision": 0.0,
      "recall": 0.0,
      "f1": 0.0
    },
    "modified_entropy": {
      "accuracy": 0.48828125,
      "tpr": 0.2734374999999466,
      "fpr": 0.296874999999942,
      "advantage": -0.023437499999995393,
      "precision": 0.4794520547943564,
      "recall": 0.2734374999999466,
      "f1": 0.34825870646757506
    }
  },
  "robustness": {
    "benign_accuracy": 0.67,
    "adversarial_accuracy": 0.585,
    "robustness_drop": 0.08500000000000008
  },
  "elapsed_time": 16.15170979499817,
  "status": "success"
}