{
  "experiment_id": "PGD_ep1_temperature_scaled_temp2.0",
  "timestamp": "2025-11-11T00:16:06.293614",
  "finetune_type": "PGD",
  "num_epochs": 1,
  "defense_type": "temperature_scaled",
  "defense_params": {
    "temp": 2.0
  },
  "train_accuracy": 0.6788,
  "val_accuracy": 0.6454,
  "privacy": {
    "conf_threshold": {
      "accuracy": 0.5,
      "tpr": 0.0,
      "fpr": 0.0,
      "advantage": 0.0,
      "precision": 0.0,
      "recall": 0.0,
      "f1": 0.0
    },
    "logits_threshold": {
      "accuracy": 0.5,
      "tpr": 0.0,
      "fpr": 0.0,
      "advantage": 0.0,
      "precision": 0.0,
      "recall": 0.0,
      "f1": 0.0
    },
    "modified_entropy": {
      "accuracy": 0.501953125,
      "tpr": 0.021484374999995802,
      "fpr": 0.017578124999996565,
      "advantage": 0.0039062499999992367,
      "precision": 0.54999999999725,
      "recall": 0.021484374999995802,
      "f1": 0.04135338345863107
    }
  },
  "robustness": {
    "benign_accuracy": 0.715,
    "adversarial_accuracy": 0.5925,
    "robustness_drop": 0.12249999999999994
  },
  "elapsed_time": 5.8055760860443115,
  "status": "success"
}