{
  "experiment_id": "PGD_ep5_test_time_augmentation_num_augmentations7",
  "timestamp": "2025-11-11T00:33:51.859227",
  "finetune_type": "PGD",
  "num_epochs": 5,
  "defense_type": "test_time_augmentation",
  "defense_params": {
    "num_augmentations": 7
  },
  "train_accuracy": 0.5798,
  "val_accuracy": 0.5516,
  "privacy": {
    "conf_threshold": {
      "accuracy": 0.5,
      "tpr": 0.0,
      "fpr": 0.0,
      "advantage": 0.0,
      "precision": 0.0,
      "recall": 0.0,
      "f1": 0.0
    },
    "logits_threshold": {
      "accuracy": 0.5,
      "tpr": 0.0,
      "fpr": 0.0,
      "advantage": 0.0,
      "precision": 0.0,
      "recall": 0.0,
      "f1": 0.0
    },
    "modified_entropy": {
      "accuracy": 0.50390625,
      "tpr": 0.34960937499993167,
      "fpr": 0.3417968749999332,
      "advantage": 0.007812499999998446,
      "precision": 0.5056497175139815,
      "recall": 0.34960937499993167,
      "f1": 0.41339491916849574
    }
  },
  "robustness": {
    "benign_accuracy": 0.5975,
    "adversarial_accuracy": 0.59,
    "robustness_drop": 0.007500000000000062
  },
  "elapsed_time": 28.216044425964355,
  "status": "success"
}