{
  "experiment_id": "PGD_ep3_output_perturbation_scale0.05",
  "timestamp": "2025-11-11T00:18:01.461575",
  "finetune_type": "PGD",
  "num_epochs": 3,
  "defense_type": "output_perturbation",
  "defense_params": {
    "scale": 0.05
  },
  "train_accuracy": 0.7077,
  "val_accuracy": 0.667,
  "privacy": {
    "conf_threshold": {
      "accuracy": 0.5,
      "tpr": 0.0,
      "fpr": 0.0,
      "advantage": 0.0,
      "precision": 0.0,
      "recall": 0.0,
      "f1": 0.0
    },
    "logits_threshold": {
      "accuracy": 0.5,
      "tpr": 0.0,
      "fpr": 0.0,
      "advantage": 0.0,
      "precision": 0.0,
      "recall": 0.0,
      "f1": 0.0
    },
    "modified_entropy": {
      "accuracy": 0.5341796875,
      "tpr": 0.49218749999990385,
      "fpr": 0.4238281249999172,
      "advantage": 0.06835937499998668,
      "precision": 0.5373134328357063,
      "recall": 0.49218749999990385,
      "f1": 0.5137614678898035
    }
  },
  "robustness": {
    "benign_accuracy": 0.7325,
    "adversarial_accuracy": 0.61,
    "robustness_drop": 0.12250000000000005
  },
  "elapsed_time": 16.14443874359131,
  "status": "success"
}