{
  "experiment_id": "PGD_ep3_response_limited_topk_top_k3",
  "timestamp": "2025-11-11T00:24:35.376628",
  "finetune_type": "PGD",
  "num_epochs": 3,
  "defense_type": "response_limited_topk",
  "defense_params": {
    "top_k": 3
  },
  "train_accuracy": 0.7016,
  "val_accuracy": 0.666,
  "privacy": {
    "conf_threshold": {
      "accuracy": 0.5,
      "tpr": 0.0,
      "fpr": 0.0,
      "advantage": 0.0,
      "precision": 0.0,
      "recall": 0.0,
      "f1": 0.0
    },
    "logits_threshold": {
      "accuracy": 0.5,
      "tpr": 0.0,
      "fpr": 0.0,
      "advantage": 0.0,
      "precision": 0.0,
      "recall": 0.0,
      "f1": 0.0
    },
    "modified_entropy": {
      "accuracy": 0.5263671875,
      "tpr": 0.7246093749998584,
      "fpr": 0.6718749999998688,
      "advantage": 0.052734374999989675,
      "precision": 0.5188811188810463,
      "recall": 0.7246093749998584,
      "f1": 0.6047269763650196
    }
  },
  "robustness": {
    "benign_accuracy": 0.73,
    "adversarial_accuracy": 0.6225,
    "robustness_drop": 0.10749999999999993
  },
  "elapsed_time": 16.193803071975708,
  "status": "success"
}