{
  "experiment_id": "PGD_ep1_response_limited_topk_top_k4",
  "timestamp": "2025-11-11T00:16:47.946308",
  "finetune_type": "PGD",
  "num_epochs": 1,
  "defense_type": "response_limited_topk",
  "defense_params": {
    "top_k": 4
  },
  "train_accuracy": 0.6515,
  "val_accuracy": 0.6244,
  "privacy": {
    "conf_threshold": {
      "accuracy": 0.5,
      "tpr": 0.0,
      "fpr": 0.0,
      "advantage": 0.0,
      "precision": 0.0,
      "recall": 0.0,
      "f1": 0.0
    },
    "logits_threshold": {
      "accuracy": 0.5,
      "tpr": 0.0,
      "fpr": 0.0,
      "advantage": 0.0,
      "precision": 0.0,
      "recall": 0.0,
      "f1": 0.0
    },
    "modified_entropy": {
      "accuracy": 0.5029296875,
      "tpr": 0.3339843749999347,
      "fpr": 0.3281249999999359,
      "advantage": 0.005859374999998834,
      "precision": 0.5044247787609132,
      "recall": 0.3339843749999347,
      "f1": 0.40188014101048136
    }
  },
  "robustness": {
    "benign_accuracy": 0.6775,
    "adversarial_accuracy": 0.555,
    "robustness_drop": 0.12249999999999994
  },
  "elapsed_time": 5.8331828117370605,
  "status": "success"
}