{
  "experiment_id": "PGD_ep10_output_perturbation_scale0.2",
  "timestamp": "2025-11-11T01:07:02.017857",
  "finetune_type": "PGD",
  "num_epochs": 10,
  "defense_type": "output_perturbation",
  "defense_params": {
    "scale": 0.2
  },
  "train_accuracy": 0.53935,
  "val_accuracy": 0.5084,
  "privacy": {
    "conf_threshold": {
      "accuracy": 0.5,
      "tpr": 0.0,
      "fpr": 0.0,
      "advantage": 0.0,
      "precision": 0.0,
      "recall": 0.0,
      "f1": 0.0
    },
    "logits_threshold": {
      "accuracy": 0.5,
      "tpr": 0.0,
      "fpr": 0.0,
      "advantage": 0.0,
      "precision": 0.0,
      "recall": 0.0,
      "f1": 0.0
    },
    "modified_entropy": {
      "accuracy": 0.55078125,
      "tpr": 0.5546874999998916,
      "fpr": 0.45312499999991146,
      "advantage": 0.10156249999998018,
      "precision": 0.5503875968991181,
      "recall": 0.5546874999998916,
      "f1": 0.5525291828792699
    }
  },
  "robustness": {
    "benign_accuracy": 0.5475,
    "adversarial_accuracy": 0.4875,
    "robustness_drop": 0.06
  },
  "elapsed_time": 52.33006143569946,
  "status": "success"
}