{
  "experiment_id": "PGD_ep10_temperature_scaled_temp1.0",
  "timestamp": "2025-11-11T01:19:26.955151",
  "finetune_type": "PGD",
  "num_epochs": 10,
  "defense_type": "temperature_scaled",
  "defense_params": {
    "temp": 1.0
  },
  "train_accuracy": 0.55605,
  "val_accuracy": 0.5212,
  "privacy": {
    "conf_threshold": {
      "accuracy": 0.5,
      "tpr": 0.0,
      "fpr": 0.0,
      "advantage": 0.0,
      "precision": 0.0,
      "recall": 0.0,
      "f1": 0.0
    },
    "logits_threshold": {
      "accuracy": 0.5,
      "tpr": 0.0,
      "fpr": 0.0,
      "advantage": 0.0,
      "precision": 0.0,
      "recall": 0.0,
      "f1": 0.0
    },
    "modified_entropy": {
      "accuracy": 0.5458984375,
      "tpr": 0.5585937499998909,
      "fpr": 0.4667968749999088,
      "advantage": 0.09179687499998207,
      "precision": 0.544761904761801,
      "recall": 0.5585937499998909,
      "f1": 0.5515911282544741
    }
  },
  "robustness": {
    "benign_accuracy": 0.56,
    "adversarial_accuracy": 0.4825,
    "robustness_drop": 0.07750000000000007
  },
  "elapsed_time": 52.29983139038086,
  "status": "success"
}