{
  "experiment_id": "PGD_ep5_response_limited_hard_hard_labelTrue",
  "timestamp": "2025-11-11T00:39:38.837923",
  "finetune_type": "PGD",
  "num_epochs": 5,
  "defense_type": "response_limited_hard",
  "defense_params": {
    "hard_label": true
  },
  "train_accuracy": 0.67535,
  "val_accuracy": 0.6354,
  "privacy": {
    "conf_threshold": {
      "accuracy": 0.5,
      "tpr": 0.9999999999998046,
      "fpr": 0.9999999999998046,
      "advantage": 0.0,
      "precision": 0.49999999999995115,
      "recall": 0.9999999999998046,
      "f1": 0.6666666666665798
    },
    "logits_threshold": {
      "accuracy": 0.5,
      "tpr": 0.0,
      "fpr": 0.0,
      "advantage": 0.0,
      "precision": 0.0,
      "recall": 0.0,
      "f1": 0.0
    },
    "modified_entropy": {
      "accuracy": 0.5,
      "tpr": 0.9999999999998046,
      "fpr": 0.9999999999998046,
      "advantage": 0.0,
      "precision": 0.49999999999995115,
      "recall": 0.9999999999998046,
      "f1": 0.6666666666665798
    }
  },
  "robustness": {
    "benign_accuracy": 0.6925,
    "adversarial_accuracy": 0.6175,
    "robustness_drop": 0.07499999999999996
  },
  "elapsed_time": 26.514658212661743,
  "status": "success"
}