{
  "experiment_id": "PGD_ep10_adaptive_noise_alpha0.7",
  "timestamp": "2025-11-11T01:33:38.414926",
  "finetune_type": "PGD",
  "num_epochs": 10,
  "defense_type": "adaptive_noise",
  "defense_params": {
    "alpha": 0.7
  },
  "train_accuracy": 0.5183,
  "val_accuracy": 0.4868,
  "privacy": {
    "conf_threshold": {
      "accuracy": 0.5,
      "tpr": 0.0,
      "fpr": 0.0,
      "advantage": 0.0,
      "precision": 0.0,
      "recall": 0.0,
      "f1": 0.0
    },
    "logits_threshold": {
      "accuracy": 0.5,
      "tpr": 0.0,
      "fpr": 0.0,
      "advantage": 0.0,
      "precision": 0.0,
      "recall": 0.0,
      "f1": 0.0
    },
    "modified_entropy": {
      "accuracy": 0.533203125,
      "tpr": 0.5234374999998977,
      "fpr": 0.4570312499999107,
      "advantage": 0.06640624999998707,
      "precision": 0.5338645418325629,
      "recall": 0.5234374999998977,
      "f1": 0.5285996055225782
    }
  },
  "robustness": {
    "benign_accuracy": 0.515,
    "adversarial_accuracy": 0.4875,
    "robustness_drop": 0.027500000000000024
  },
  "elapsed_time": 52.25310659408569,
  "status": "success"
}