{
  "experiment_id": "PGD_ep10_output_perturbation_scale0.05",
  "timestamp": "2025-11-11T01:05:17.391497",
  "finetune_type": "PGD",
  "num_epochs": 10,
  "defense_type": "output_perturbation",
  "defense_params": {
    "scale": 0.05
  },
  "train_accuracy": 0.5529,
  "val_accuracy": 0.5194,
  "privacy": {
    "conf_threshold": {
      "accuracy": 0.5,
      "tpr": 0.0,
      "fpr": 0.0,
      "advantage": 0.0,
      "precision": 0.0,
      "recall": 0.0,
      "f1": 0.0
    },
    "logits_threshold": {
      "accuracy": 0.5,
      "tpr": 0.0,
      "fpr": 0.0,
      "advantage": 0.0,
      "precision": 0.0,
      "recall": 0.0,
      "f1": 0.0
    },
    "modified_entropy": {
      "accuracy": 0.5458984375,
      "tpr": 0.5546874999998916,
      "fpr": 0.4628906249999096,
      "advantage": 0.09179687499998207,
      "precision": 0.5451055662187053,
      "recall": 0.5546874999998916,
      "f1": 0.5498547918682382
    }
  },
  "robustness": {
    "benign_accuracy": 0.5575,
    "adversarial_accuracy": 0.4775,
    "robustness_drop": 0.08000000000000002
  },
  "elapsed_time": 52.23713135719299,
  "status": "success"
}