{
  "experiment_id": "PGD_ep7_test_time_augmentation_num_augmentations1",
  "timestamp": "2025-11-11T00:50:05.802719",
  "finetune_type": "PGD",
  "num_epochs": 7,
  "defense_type": "test_time_augmentation",
  "defense_params": {
    "num_augmentations": 1
  },
  "train_accuracy": 0.5067,
  "val_accuracy": 0.5056,
  "privacy": {
    "conf_threshold": {
      "accuracy": 0.5,
      "tpr": 0.0,
      "fpr": 0.0,
      "advantage": 0.0,
      "precision": 0.0,
      "recall": 0.0,
      "f1": 0.0
    },
    "logits_threshold": {
      "accuracy": 0.5,
      "tpr": 0.0,
      "fpr": 0.0,
      "advantage": 0.0,
      "precision": 0.0,
      "recall": 0.0,
      "f1": 0.0
    },
    "modified_entropy": {
      "accuracy": 0.4912109375,
      "tpr": 0.31445312499993855,
      "fpr": 0.3320312499999351,
      "advantage": -0.01757812499999656,
      "precision": 0.48640483383671107,
      "recall": 0.31445312499993855,
      "f1": 0.3819691577697789
    }
  },
  "robustness": {
    "benign_accuracy": 0.5375,
    "adversarial_accuracy": 0.465,
    "robustness_drop": 0.07249999999999995
  },
  "elapsed_time": 38.10562753677368,
  "status": "success"
}