{
  "experiment_id": "PGD_ep5_test_time_augmentation_num_augmentations10",
  "timestamp": "2025-11-11T00:34:21.002079",
  "finetune_type": "PGD",
  "num_epochs": 5,
  "defense_type": "test_time_augmentation",
  "defense_params": {
    "num_augmentations": 10
  },
  "train_accuracy": 0.5941,
  "val_accuracy": 0.57,
  "privacy": {
    "conf_threshold": {
      "accuracy": 0.5,
      "tpr": 0.0,
      "fpr": 0.0,
      "advantage": 0.0,
      "precision": 0.0,
      "recall": 0.0,
      "f1": 0.0
    },
    "logits_threshold": {
      "accuracy": 0.5,
      "tpr": 0.0,
      "fpr": 0.0,
      "advantage": 0.0,
      "precision": 0.0,
      "recall": 0.0,
      "f1": 0.0
    },
    "modified_entropy": {
      "accuracy": 0.5224609375,
      "tpr": 0.3613281249999294,
      "fpr": 0.31640624999993816,
      "advantage": 0.04492187499999123,
      "precision": 0.5331412103744861,
      "recall": 0.3613281249999294,
      "f1": 0.43073341094285666
    }
  },
  "robustness": {
    "benign_accuracy": 0.6175,
    "adversarial_accuracy": 0.595,
    "robustness_drop": 0.022500000000000075
  },
  "elapsed_time": 29.141058921813965,
  "status": "success"
}