{
  "experiment_id": "PGD_ep5_input_perturbation_sigma0.5",
  "timestamp": "2025-11-11T00:31:35.840979",
  "finetune_type": "PGD",
  "num_epochs": 5,
  "defense_type": "input_perturbation",
  "defense_params": {
    "sigma": 0.5
  },
  "train_accuracy": 0.4079,
  "val_accuracy": 0.4058,
  "privacy": {
    "conf_threshold": {
      "accuracy": 0.5,
      "tpr": 0.0,
      "fpr": 0.0,
      "advantage": 0.0,
      "precision": 0.0,
      "recall": 0.0,
      "f1": 0.0
    },
    "logits_threshold": {
      "accuracy": 0.5,
      "tpr": 0.0,
      "fpr": 0.0,
      "advantage": 0.0,
      "precision": 0.0,
      "recall": 0.0,
      "f1": 0.0
    },
    "modified_entropy": {
      "accuracy": 0.501953125,
      "tpr": 0.3007812499999412,
      "fpr": 0.296874999999942,
      "advantage": 0.003906249999999223,
      "precision": 0.5032679738560447,
      "recall": 0.3007812499999412,
      "f1": 0.3765281173593212
    }
  },
  "robustness": {
    "benign_accuracy": 0.395,
    "adversarial_accuracy": 0.3925,
    "robustness_drop": 0.0025000000000000022
  },
  "elapsed_time": 26.465576887130737,
  "status": "success"
}