{
  "experiment_id": "PGD_ep3_input_perturbation_sigma0.5",
  "timestamp": "2025-11-11T00:20:26.932039",
  "finetune_type": "PGD",
  "num_epochs": 3,
  "defense_type": "input_perturbation",
  "defense_params": {
    "sigma": 0.5
  },
  "train_accuracy": 0.3909,
  "val_accuracy": 0.3872,
  "privacy": {
    "conf_threshold": {
      "accuracy": 0.5,
      "tpr": 0.0,
      "fpr": 0.0,
      "advantage": 0.0,
      "precision": 0.0,
      "recall": 0.0,
      "f1": 0.0
    },
    "logits_threshold": {
      "accuracy": 0.5,
      "tpr": 0.0,
      "fpr": 0.0,
      "advantage": 0.0,
      "precision": 0.0,
      "recall": 0.0,
      "f1": 0.0
    },
    "modified_entropy": {
      "accuracy": 0.4951171875,
      "tpr": 0.34960937499993167,
      "fpr": 0.3593749999999298,
      "advantage": -0.009765624999998113,
      "precision": 0.49311294765826635,
      "recall": 0.34960937499993167,
      "f1": 0.40914285714276366
    }
  },
  "robustness": {
    "benign_accuracy": 0.375,
    "adversarial_accuracy": 0.355,
    "robustness_drop": 0.020000000000000018
  },
  "elapsed_time": 16.149250268936157,
  "status": "success"
}