{
  "experiment_id": "PGD_ep7_output_perturbation_scale0.3",
  "timestamp": "2025-11-11T00:44:55.351796",
  "finetune_type": "PGD",
  "num_epochs": 7,
  "defense_type": "output_perturbation",
  "defense_params": {
    "scale": 0.3
  },
  "train_accuracy": 0.62755,
  "val_accuracy": 0.5836,
  "privacy": {
    "conf_threshold": {
      "accuracy": 0.5,
      "tpr": 0.0,
      "fpr": 0.0,
      "advantage": 0.0,
      "precision": 0.0,
      "recall": 0.0,
      "f1": 0.0
    },
    "logits_threshold": {
      "accuracy": 0.5,
      "tpr": 0.0,
      "fpr": 0.0,
      "advantage": 0.0,
      "precision": 0.0,
      "recall": 0.0,
      "f1": 0.0
    },
    "modified_entropy": {
      "accuracy": 0.529296875,
      "tpr": 0.5214843749998981,
      "fpr": 0.4628906249999096,
      "advantage": 0.05859374999998851,
      "precision": 0.5297619047617996,
      "recall": 0.5214843749998981,
      "f1": 0.525590551180999
    }
  },
  "robustness": {
    "benign_accuracy": 0.645,
    "adversarial_accuracy": 0.5625,
    "robustness_drop": 0.08250000000000002
  },
  "elapsed_time": 36.83914256095886,
  "status": "success"
}