{
  "experiment_id": "PGD_ep10_response_limited_topk_top_k4",
  "timestamp": "2025-11-11T01:28:24.197128",
  "finetune_type": "PGD",
  "num_epochs": 10,
  "defense_type": "response_limited_topk",
  "defense_params": {
    "top_k": 4
  },
  "train_accuracy": 0.53535,
  "val_accuracy": 0.504,
  "privacy": {
    "conf_threshold": {
      "accuracy": 0.5,
      "tpr": 0.0,
      "fpr": 0.0,
      "advantage": 0.0,
      "precision": 0.0,
      "recall": 0.0,
      "f1": 0.0
    },
    "logits_threshold": {
      "accuracy": 0.5,
      "tpr": 0.0,
      "fpr": 0.0,
      "advantage": 0.0,
      "precision": 0.0,
      "recall": 0.0,
      "f1": 0.0
    },
    "modified_entropy": {
      "accuracy": 0.5361328125,
      "tpr": 0.6582031249998714,
      "fpr": 0.5859374999998855,
      "advantage": 0.0722656249999859,
      "precision": 0.5290423861851602,
      "recall": 0.6582031249998714,
      "f1": 0.5865970409050327
    }
  },
  "robustness": {
    "benign_accuracy": 0.53,
    "adversarial_accuracy": 0.4875,
    "robustness_drop": 0.04250000000000004
  },
  "elapsed_time": 52.302000522613525,
  "status": "success"
}